AssignmentId,WorkerId,HITId,AssignmentStatus,AutoApprovalTime,AcceptTime,SubmitTime,ApprovalTime,Answer,score
3M68NM076IAFQHTSNA9D2YMMPSBR6K,A3C5TMQP0L94K4,3P520RYKCI990LN1WJPBRJZCKH7U5C,Approved,2024-03-04 21:00:58+09:00,2024-03-04 20:50:47+09:00,2024-03-04 20:50:58+09:00,2024-03-04 21:01:21+09:00,"<?xml version=""1.0"" encoding=""UTF-8"" standalone=""no""?>
<QuestionFormAnswers xmlns=""http://mechanicalturk.amazonaws.com/AWSMechanicalTurkDataSchemas/2005-10-01/QuestionFormAnswers.xsd"">
<Answer>
<QuestionIdentifier>insFollowers</QuestionIdentifier>
<SelectionIdentifier>be</SelectionIdentifier>
</Answer>
<Answer>
<QuestionIdentifier>factCheck</QuestionIdentifier>
<SelectionIdentifier>renewable</SelectionIdentifier>
</Answer>
<Answer>
<QuestionIdentifier>song</QuestionIdentifier>
<SelectionIdentifier>peace</SelectionIdentifier>
</Answer>
</QuestionFormAnswers>
",stask2
AssignmentId,WorkerId,HITId,AssignmentStatus,AutoApprovalTime,AcceptTime,SubmitTime,ApprovalTime,Answer,score
358010RM5FWK23U5XHND38O972NVXB,ASDFYV4GVLWN,3P520RYKCI990LN1WJPBRJZCKH7U5C,Approved,2024-03-04 21:01:02+09:00,2024-03-04 20:50:46+09:00,2024-03-04 20:51:02+09:00,2024-03-04 21:01:21+09:00,"<?xml version=""1.0"" encoding=""UTF-8"" standalone=""no""?>
<QuestionFormAnswers xmlns=""http://mechanicalturk.amazonaws.com/AWSMechanicalTurkDataSchemas/2005-10-01/QuestionFormAnswers.xsd"">
<Answer>
<QuestionIdentifier>insFollowers</QuestionIdentifier>
<SelectionIdentifier>be</SelectionIdentifier>
</Answer>
<Answer>
<QuestionIdentifier>factCheck</QuestionIdentifier>
<SelectionIdentifier>store</SelectionIdentifier>
</Answer>
<Answer>
<QuestionIdentifier>song</QuestionIdentifier>
<SelectionIdentifier>sad</SelectionIdentifier>
</Answer>
</QuestionFormAnswers>
",stask2
AssignmentId,WorkerId,HITId,AssignmentStatus,AutoApprovalTime,AcceptTime,SubmitTime,ApprovalTime,Answer,score
3S96KQ6I9N7RR5LZ1MMM8JXWUZVTDR,A25TAR286DACXU,3P520RYKCI990LN1WJPBRJZCKH7U5C,Approved,2024-03-04 21:01:03+09:00,2024-03-04 20:50:45+09:00,2024-03-04 20:51:03+09:00,2024-03-04 21:01:21+09:00,"<?xml version=""1.0"" encoding=""UTF-8"" standalone=""no""?>
<QuestionFormAnswers xmlns=""http://mechanicalturk.amazonaws.com/AWSMechanicalTurkDataSchemas/2005-10-01/QuestionFormAnswers.xsd"">
<Answer>
<QuestionIdentifier>insFollowers</QuestionIdentifier>
<SelectionIdentifier>be</SelectionIdentifier>
</Answer>
<Answer>
<QuestionIdentifier>factCheck</QuestionIdentifier>
<SelectionIdentifier>store</SelectionIdentifier>
</Answer>
<Answer>
<QuestionIdentifier>song</QuestionIdentifier>
<SelectionIdentifier>peace</SelectionIdentifier>
</Answer>
</QuestionFormAnswers>
",stask2
AssignmentId,WorkerId,HITId,AssignmentStatus,AutoApprovalTime,AcceptTime,SubmitTime,ApprovalTime,Answer,score
3SB5N7Y3O47TNGYZ5AZKUTYOAGF0GX,A2LI71A9ZRA199,3P520RYKCI990LN1WJPBRJZCKH7U5C,Approved,2024-03-04 21:01:22+09:00,2024-03-04 20:50:39+09:00,2024-03-04 20:51:22+09:00,2024-03-04 21:02:21+09:00,"<?xml version=""1.0"" encoding=""UTF-8"" standalone=""no""?>
<QuestionFormAnswers xmlns=""http://mechanicalturk.amazonaws.com/AWSMechanicalTurkDataSchemas/2005-10-01/QuestionFormAnswers.xsd"">
<Answer>
<QuestionIdentifier>insFollowers</QuestionIdentifier>
<SelectionIdentifier>ag</SelectionIdentifier>
</Answer>
<Answer>
<QuestionIdentifier>factCheck</QuestionIdentifier>
<SelectionIdentifier>renewable</SelectionIdentifier>
</Answer>
<Answer>
<QuestionIdentifier>song</QuestionIdentifier>
<SelectionIdentifier>sad</SelectionIdentifier>
</Answer>
</QuestionFormAnswers>
",stask2
AssignmentId,WorkerId,HITId,AssignmentStatus,AutoApprovalTime,AcceptTime,SubmitTime,ApprovalTime,Answer,score
3AAPLD8UCDK83LQ1NI5CZ4CUMROTH0,A33J4Q8TGOLCMT,3P520RYKCI990LN1WJPBRJZCKH7U5C,Approved,2024-03-04 21:01:31+09:00,2024-03-04 20:50:48+09:00,2024-03-04 20:51:31+09:00,2024-03-04 21:02:21+09:00,"<?xml version=""1.0"" encoding=""UTF-8"" standalone=""no""?>
<QuestionFormAnswers xmlns=""http://mechanicalturk.amazonaws.com/AWSMechanicalTurkDataSchemas/2005-10-01/QuestionFormAnswers.xsd"">
<Answer>
<QuestionIdentifier>insFollowers</QuestionIdentifier>
<SelectionIdentifier>ag</SelectionIdentifier>
</Answer>
<Answer>
<QuestionIdentifier>factCheck</QuestionIdentifier>
<SelectionIdentifier>renewable</SelectionIdentifier>
</Answer>
<Answer>
<QuestionIdentifier>song</QuestionIdentifier>
<SelectionIdentifier>peace</SelectionIdentifier>
</Answer>
</QuestionFormAnswers>
",stask2
AssignmentId,WorkerId,HITId,AssignmentStatus,AutoApprovalTime,AcceptTime,SubmitTime,ApprovalTime,Answer,score
3TE3O85731BR8GAR08XACL5A9N9R23,AL9UYVKFURYNT,3P520RYKCI990LN1WJPBRJZCKH7U5C,Approved,2024-03-04 21:01:34+09:00,2024-03-04 20:50:45+09:00,2024-03-04 20:51:34+09:00,2024-03-04 21:02:21+09:00,"<?xml version=""1.0"" encoding=""UTF-8"" standalone=""no""?>
<QuestionFormAnswers xmlns=""http://mechanicalturk.amazonaws.com/AWSMechanicalTurkDataSchemas/2005-10-01/QuestionFormAnswers.xsd"">
<Answer>
<QuestionIdentifier>insFollowers</QuestionIdentifier>
<SelectionIdentifier>be</SelectionIdentifier>
</Answer>
<Answer>
<QuestionIdentifier>factCheck</QuestionIdentifier>
<SelectionIdentifier>store</SelectionIdentifier>
</Answer>
<Answer>
<QuestionIdentifier>song</QuestionIdentifier>
<SelectionIdentifier>peace</SelectionIdentifier>
</Answer>
</QuestionFormAnswers>
",stask2
AssignmentId,WorkerId,HITId,AssignmentStatus,AutoApprovalTime,AcceptTime,SubmitTime,ApprovalTime,Answer,score
31LVTDXBL8DX92WZAEFFRH4JFN0LRM,A3WJU5XK5O1VP,3P520RYKCI990LN1WJPBRJZCKH7U5C,Approved,2024-03-04 21:01:41+09:00,2024-03-04 20:50:42+09:00,2024-03-04 20:51:41+09:00,2024-03-04 21:02:21+09:00,"<?xml version=""1.0"" encoding=""UTF-8"" standalone=""no""?>
<QuestionFormAnswers xmlns=""http://mechanicalturk.amazonaws.com/AWSMechanicalTurkDataSchemas/2005-10-01/QuestionFormAnswers.xsd"">
<Answer>
<QuestionIdentifier>insFollowers</QuestionIdentifier>
<SelectionIdentifier>ag</SelectionIdentifier>
</Answer>
<Answer>
<QuestionIdentifier>factCheck</QuestionIdentifier>
<SelectionIdentifier>store</SelectionIdentifier>
</Answer>
<Answer>
<QuestionIdentifier>song</QuestionIdentifier>
<SelectionIdentifier>sad</SelectionIdentifier>
</Answer>
</QuestionFormAnswers>
",stask2
AssignmentId,WorkerId,HITId,AssignmentStatus,AutoApprovalTime,AcceptTime,SubmitTime,ApprovalTime,Answer,score
3OXV7EAXLFTN7F8QCK8HK0J6JEW63W,A1BBNX68DRRQ6F,3P520RYKCI990LN1WJPBRJZCKH7U5C,Approved,2024-03-04 21:01:46+09:00,2024-03-04 20:50:47+09:00,2024-03-04 20:51:46+09:00,2024-03-04 21:02:21+09:00,"<?xml version=""1.0"" encoding=""UTF-8"" standalone=""no""?>
<QuestionFormAnswers xmlns=""http://mechanicalturk.amazonaws.com/AWSMechanicalTurkDataSchemas/2005-10-01/QuestionFormAnswers.xsd"">
<Answer>
<QuestionIdentifier>insFollowers</QuestionIdentifier>
<SelectionIdentifier>be</SelectionIdentifier>
</Answer>
<Answer>
<QuestionIdentifier>factCheck</QuestionIdentifier>
<SelectionIdentifier>store</SelectionIdentifier>
</Answer>
<Answer>
<QuestionIdentifier>song</QuestionIdentifier>
<SelectionIdentifier>horror</SelectionIdentifier>
</Answer>
</QuestionFormAnswers>
",stask2
AssignmentId,WorkerId,HITId,AssignmentStatus,AutoApprovalTime,AcceptTime,SubmitTime,ApprovalTime,Answer,score
3V0Z7YWSIZ3J1NR89S2KDIUDUTN2V8,A2FFCQ9WU6R764,3P520RYKCI990LN1WJPBRJZCKH7U5C,Approved,2024-03-04 21:01:55+09:00,2024-03-04 20:50:42+09:00,2024-03-04 20:51:55+09:00,2024-03-04 21:02:21+09:00,"<?xml version=""1.0"" encoding=""UTF-8"" standalone=""no""?>
<QuestionFormAnswers xmlns=""http://mechanicalturk.amazonaws.com/AWSMechanicalTurkDataSchemas/2005-10-01/QuestionFormAnswers.xsd"">
<Answer>
<QuestionIdentifier>insFollowers</QuestionIdentifier>
<SelectionIdentifier>ag</SelectionIdentifier>
</Answer>
<Answer>
<QuestionIdentifier>factCheck</QuestionIdentifier>
<SelectionIdentifier>renewable</SelectionIdentifier>
</Answer>
<Answer>
<QuestionIdentifier>song</QuestionIdentifier>
<SelectionIdentifier>sad</SelectionIdentifier>
</Answer>
</QuestionFormAnswers>
",stask2
AssignmentId,WorkerId,HITId,AssignmentStatus,AutoApprovalTime,AcceptTime,SubmitTime,ApprovalTime,Answer,score
3GFK2QRXXAKOF9A0HL9EXRG3LCG5WM,AGB6853RIDWJ8,3P520RYKCI990LN1WJPBRJZCKH7U5C,Approved,2024-03-04 21:01:56+09:00,2024-03-04 20:50:46+09:00,2024-03-04 20:51:56+09:00,2024-03-04 21:02:21+09:00,"<?xml version=""1.0"" encoding=""UTF-8"" standalone=""no""?>
<QuestionFormAnswers xmlns=""http://mechanicalturk.amazonaws.com/AWSMechanicalTurkDataSchemas/2005-10-01/QuestionFormAnswers.xsd"">
<Answer>
<QuestionIdentifier>insFollowers</QuestionIdentifier>
<SelectionIdentifier>ag</SelectionIdentifier>
</Answer>
<Answer>
<QuestionIdentifier>factCheck</QuestionIdentifier>
<SelectionIdentifier>store</SelectionIdentifier>
</Answer>
<Answer>
<QuestionIdentifier>song</QuestionIdentifier>
<SelectionIdentifier>peace</SelectionIdentifier>
</Answer>
</QuestionFormAnswers>
",stask2
AssignmentId,WorkerId,HITId,AssignmentStatus,AutoApprovalTime,AcceptTime,SubmitTime,ApprovalTime,Answer,score
3AZHRG4CU5NST4MBAVS0BZ9F6BA30S,AUZP4FPD6UTNU,3P520RYKCI990LN1WJPBRJZCKH7U5C,Approved,2024-03-04 21:02:03+09:00,2024-03-04 20:50:42+09:00,2024-03-04 20:52:03+09:00,2024-03-04 21:02:21+09:00,"<?xml version=""1.0"" encoding=""UTF-8"" standalone=""no""?>
<QuestionFormAnswers xmlns=""http://mechanicalturk.amazonaws.com/AWSMechanicalTurkDataSchemas/2005-10-01/QuestionFormAnswers.xsd"">
<Answer>
<QuestionIdentifier>insFollowers</QuestionIdentifier>
<SelectionIdentifier>be</SelectionIdentifier>
</Answer>
<Answer>
<QuestionIdentifier>factCheck</QuestionIdentifier>
<SelectionIdentifier>renewable</SelectionIdentifier>
</Answer>
<Answer>
<QuestionIdentifier>song</QuestionIdentifier>
<SelectionIdentifier>peace</SelectionIdentifier>
</Answer>
</QuestionFormAnswers>
",stask2
AssignmentId,WorkerId,HITId,AssignmentStatus,AutoApprovalTime,AcceptTime,SubmitTime,ApprovalTime,Answer,score
3WMOAN2SRC0FQ9G1VB0456XB5ODVNR,A245HJGQCYTW6N,3P520RYKCI990LN1WJPBRJZCKH7U5C,Approved,2024-03-04 21:02:09+09:00,2024-03-04 20:50:45+09:00,2024-03-04 20:52:09+09:00,2024-03-04 21:02:21+09:00,"<?xml version=""1.0"" encoding=""UTF-8"" standalone=""no""?>
<QuestionFormAnswers xmlns=""http://mechanicalturk.amazonaws.com/AWSMechanicalTurkDataSchemas/2005-10-01/QuestionFormAnswers.xsd"">
<Answer>
<QuestionIdentifier>insFollowers</QuestionIdentifier>
<SelectionIdentifier>be</SelectionIdentifier>
</Answer>
<Answer>
<QuestionIdentifier>factCheck</QuestionIdentifier>
<SelectionIdentifier>store</SelectionIdentifier>
</Answer>
<Answer>
<QuestionIdentifier>song</QuestionIdentifier>
<SelectionIdentifier>horror</SelectionIdentifier>
</Answer>
</QuestionFormAnswers>
",stask2
AssignmentId,WorkerId,HITId,AssignmentStatus,AutoApprovalTime,AcceptTime,SubmitTime,ApprovalTime,Answer,score
3R6P78PK7LEU3PVQ3CNUE40T7RBTG1,A1ABRVTR49OA73,3P520RYKCI990LN1WJPBRJZCKH7U5C,Approved,2024-03-04 21:02:11+09:00,2024-03-04 20:50:47+09:00,2024-03-04 20:52:11+09:00,2024-03-04 21:02:21+09:00,"<?xml version=""1.0"" encoding=""UTF-8"" standalone=""no""?>
<QuestionFormAnswers xmlns=""http://mechanicalturk.amazonaws.com/AWSMechanicalTurkDataSchemas/2005-10-01/QuestionFormAnswers.xsd"">
<Answer>
<QuestionIdentifier>insFollowers</QuestionIdentifier>
<SelectionIdentifier>ag</SelectionIdentifier>
</Answer>
<Answer>
<QuestionIdentifier>factCheck</QuestionIdentifier>
<SelectionIdentifier>renewable</SelectionIdentifier>
</Answer>
<Answer>
<QuestionIdentifier>song</QuestionIdentifier>
<SelectionIdentifier>peace</SelectionIdentifier>
</Answer>
</QuestionFormAnswers>
",stask2
AssignmentId,WorkerId,HITId,AssignmentStatus,AutoApprovalTime,AcceptTime,SubmitTime,ApprovalTime,Answer,score
31IBVUNM9T232H3KXNHRX1O23XRVFK,A3H3VJ97I647N4,3P520RYKCI990LN1WJPBRJZCKH7U5C,Approved,2024-03-04 21:02:14+09:00,2024-03-04 20:50:40+09:00,2024-03-04 20:52:14+09:00,2024-03-04 21:02:21+09:00,"<?xml version=""1.0"" encoding=""UTF-8"" standalone=""no""?>
<QuestionFormAnswers xmlns=""http://mechanicalturk.amazonaws.com/AWSMechanicalTurkDataSchemas/2005-10-01/QuestionFormAnswers.xsd"">
<Answer>
<QuestionIdentifier>insFollowers</QuestionIdentifier>
<SelectionIdentifier>be</SelectionIdentifier>
</Answer>
<Answer>
<QuestionIdentifier>factCheck</QuestionIdentifier>
<SelectionIdentifier>renewable</SelectionIdentifier>
</Answer>
<Answer>
<QuestionIdentifier>song</QuestionIdentifier>
<SelectionIdentifier>horror</SelectionIdentifier>
</Answer>
</QuestionFormAnswers>
",stask2
AssignmentId,WorkerId,HITId,AssignmentStatus,AutoApprovalTime,AcceptTime,SubmitTime,ApprovalTime,Answer,score
3P59JYT76MN4OVNJ4X25C06SX86T2I,A2UHPZ0D859HJN,3P520RYKCI990LN1WJPBRJZCKH7U5C,Approved,2024-03-04 21:02:41+09:00,2024-03-04 20:50:43+09:00,2024-03-04 20:52:41+09:00,2024-03-04 21:03:21+09:00,"<?xml version=""1.0"" encoding=""UTF-8"" standalone=""no""?>
<QuestionFormAnswers xmlns=""http://mechanicalturk.amazonaws.com/AWSMechanicalTurkDataSchemas/2005-10-01/QuestionFormAnswers.xsd"">
<Answer>
<QuestionIdentifier>insFollowers</QuestionIdentifier>
<SelectionIdentifier>be</SelectionIdentifier>
</Answer>
<Answer>
<QuestionIdentifier>factCheck</QuestionIdentifier>
<SelectionIdentifier>store</SelectionIdentifier>
</Answer>
<Answer>
<QuestionIdentifier>song</QuestionIdentifier>
<SelectionIdentifier>peace</SelectionIdentifier>
</Answer>
</QuestionFormAnswers>
",stask2
AssignmentId,WorkerId,HITId,AssignmentStatus,AutoApprovalTime,AcceptTime,SubmitTime,ApprovalTime,Answer,score
35BLDD71I7097YUKYZBY0T4KF2LVZ8,A471YO38NM59O,3P520RYKCI990LN1WJPBRJZCKH7U5C,Approved,2024-03-04 21:02:59+09:00,2024-03-04 20:50:47+09:00,2024-03-04 20:52:59+09:00,2024-03-04 21:03:21+09:00,"<?xml version=""1.0"" encoding=""UTF-8"" standalone=""no""?>
<QuestionFormAnswers xmlns=""http://mechanicalturk.amazonaws.com/AWSMechanicalTurkDataSchemas/2005-10-01/QuestionFormAnswers.xsd"">
<Answer>
<QuestionIdentifier>insFollowers</QuestionIdentifier>
<SelectionIdentifier>ag</SelectionIdentifier>
</Answer>
<Answer>
<QuestionIdentifier>factCheck</QuestionIdentifier>
<SelectionIdentifier>store</SelectionIdentifier>
</Answer>
<Answer>
<QuestionIdentifier>song</QuestionIdentifier>
<SelectionIdentifier>sad</SelectionIdentifier>
</Answer>
</QuestionFormAnswers>
",stask2
AssignmentId,WorkerId,HITId,AssignmentStatus,AutoApprovalTime,AcceptTime,SubmitTime,ApprovalTime,Answer,score
3FFJ6VRIL2R7J74UVYZNF5B4PT70IP,A1Q17AURTUSKIT,3P520RYKCI990LN1WJPBRJZCKH7U5C,Approved,2024-03-04 21:03:03+09:00,2024-03-04 20:50:42+09:00,2024-03-04 20:53:03+09:00,2024-03-04 21:03:21+09:00,"<?xml version=""1.0"" encoding=""UTF-8"" standalone=""no""?>
<QuestionFormAnswers xmlns=""http://mechanicalturk.amazonaws.com/AWSMechanicalTurkDataSchemas/2005-10-01/QuestionFormAnswers.xsd"">
<Answer>
<QuestionIdentifier>insFollowers</QuestionIdentifier>
<SelectionIdentifier>be</SelectionIdentifier>
</Answer>
<Answer>
<QuestionIdentifier>factCheck</QuestionIdentifier>
<SelectionIdentifier>store</SelectionIdentifier>
</Answer>
<Answer>
<QuestionIdentifier>song</QuestionIdentifier>
<SelectionIdentifier>sad</SelectionIdentifier>
</Answer>
</QuestionFormAnswers>
",stask2
AssignmentId,WorkerId,HITId,AssignmentStatus,AutoApprovalTime,AcceptTime,SubmitTime,ApprovalTime,Answer,score
3C5W7UE9CGT1CG0WJPMMGC5WG9BXMW,ATPW1MWLW7RBL,3P520RYKCI990LN1WJPBRJZCKH7U5C,Approved,2024-03-04 21:03:28+09:00,2024-03-04 20:50:42+09:00,2024-03-04 20:53:28+09:00,2024-03-04 21:04:21+09:00,"<?xml version=""1.0"" encoding=""UTF-8"" standalone=""no""?>
<QuestionFormAnswers xmlns=""http://mechanicalturk.amazonaws.com/AWSMechanicalTurkDataSchemas/2005-10-01/QuestionFormAnswers.xsd"">
<Answer>
<QuestionIdentifier>insFollowers</QuestionIdentifier>
<SelectionIdentifier>ag</SelectionIdentifier>
</Answer>
<Answer>
<QuestionIdentifier>factCheck</QuestionIdentifier>
<SelectionIdentifier>renewable</SelectionIdentifier>
</Answer>
<Answer>
<QuestionIdentifier>song</QuestionIdentifier>
<SelectionIdentifier>sad</SelectionIdentifier>
</Answer>
</QuestionFormAnswers>
",stask2
AssignmentId,WorkerId,HITId,AssignmentStatus,AutoApprovalTime,AcceptTime,SubmitTime,ApprovalTime,Answer,score
3AMYWKA6YCPCT41CVIS983HHE5RO68,A1B8QUOSZEH4S1,3P520RYKCI990LN1WJPBRJZCKH7U5C,Approved,2024-03-04 21:04:09+09:00,2024-03-04 20:50:46+09:00,2024-03-04 20:54:09+09:00,2024-03-04 21:04:21+09:00,"<?xml version=""1.0"" encoding=""UTF-8"" standalone=""no""?>
<QuestionFormAnswers xmlns=""http://mechanicalturk.amazonaws.com/AWSMechanicalTurkDataSchemas/2005-10-01/QuestionFormAnswers.xsd"">
<Answer>
<QuestionIdentifier>insFollowers</QuestionIdentifier>
<SelectionIdentifier>ag</SelectionIdentifier>
</Answer>
<Answer>
<QuestionIdentifier>factCheck</QuestionIdentifier>
<SelectionIdentifier>renewable</SelectionIdentifier>
</Answer>
<Answer>
<QuestionIdentifier>song</QuestionIdentifier>
<SelectionIdentifier>peace</SelectionIdentifier>
</Answer>
</QuestionFormAnswers>
",stask2
AssignmentId,WorkerId,HITId,AssignmentStatus,AutoApprovalTime,AcceptTime,SubmitTime,ApprovalTime,Answer,score
337RC3OW065P29DGJYKPSETM0TDVLP,A2C5HSMKN7QDM8,3P520RYKCI990LN1WJPBRJZCKH7U5C,Approved,2024-03-04 21:04:13+09:00,2024-03-04 20:50:44+09:00,2024-03-04 20:54:13+09:00,2024-03-04 21:04:21+09:00,"<?xml version=""1.0"" encoding=""UTF-8"" standalone=""no""?>
<QuestionFormAnswers xmlns=""http://mechanicalturk.amazonaws.com/AWSMechanicalTurkDataSchemas/2005-10-01/QuestionFormAnswers.xsd"">
<Answer>
<QuestionIdentifier>insFollowers</QuestionIdentifier>
<SelectionIdentifier>ag</SelectionIdentifier>
</Answer>
<Answer>
<QuestionIdentifier>factCheck</QuestionIdentifier>
<SelectionIdentifier>renewable</SelectionIdentifier>
</Answer>
<Answer>
<QuestionIdentifier>song</QuestionIdentifier>
<SelectionIdentifier>sad</SelectionIdentifier>
</Answer>
</QuestionFormAnswers>
",stask2
AssignmentId,WorkerId,HITId,AssignmentStatus,AutoApprovalTime,AcceptTime,SubmitTime,ApprovalTime,Answer,score
3HRMW88U17TTFQULGDXF7YIL62QM0Q,ANZBO8QBL5XIU,3P520RYKCI990LN1WJPBRJZCKH7U5C,Approved,2024-03-04 21:04:35+09:00,2024-03-04 20:50:46+09:00,2024-03-04 20:54:35+09:00,2024-03-04 21:05:21+09:00,"<?xml version=""1.0"" encoding=""UTF-8"" standalone=""no""?>
<QuestionFormAnswers xmlns=""http://mechanicalturk.amazonaws.com/AWSMechanicalTurkDataSchemas/2005-10-01/QuestionFormAnswers.xsd"">
<Answer>
<QuestionIdentifier>insFollowers</QuestionIdentifier>
<SelectionIdentifier>ag</SelectionIdentifier>
</Answer>
<Answer>
<QuestionIdentifier>factCheck</QuestionIdentifier>
<SelectionIdentifier>store</SelectionIdentifier>
</Answer>
<Answer>
<QuestionIdentifier>song</QuestionIdentifier>
<SelectionIdentifier>peace</SelectionIdentifier>
</Answer>
</QuestionFormAnswers>
",stask2
AssignmentId,WorkerId,HITId,AssignmentStatus,AutoApprovalTime,AcceptTime,SubmitTime,ApprovalTime,Answer,score
3483FV8BEFMYMXC78KUC1QEED0W62L,A13P11Z7WRO2EK,3P520RYKCI990LN1WJPBRJZCKH7U5C,Approved,2024-03-04 21:04:43+09:00,2024-03-04 20:50:47+09:00,2024-03-04 20:54:43+09:00,2024-03-04 21:05:21+09:00,"<?xml version=""1.0"" encoding=""UTF-8"" standalone=""no""?>
<QuestionFormAnswers xmlns=""http://mechanicalturk.amazonaws.com/AWSMechanicalTurkDataSchemas/2005-10-01/QuestionFormAnswers.xsd"">
<Answer>
<QuestionIdentifier>insFollowers</QuestionIdentifier>
<SelectionIdentifier>ag</SelectionIdentifier>
</Answer>
<Answer>
<QuestionIdentifier>factCheck</QuestionIdentifier>
<SelectionIdentifier>idk</SelectionIdentifier>
</Answer>
<Answer>
<QuestionIdentifier>song</QuestionIdentifier>
<SelectionIdentifier>sad</SelectionIdentifier>
</Answer>
</QuestionFormAnswers>
",stask2
AssignmentId,WorkerId,HITId,AssignmentStatus,AutoApprovalTime,AcceptTime,SubmitTime,ApprovalTime,Answer,score
3WYP994K18UONI5E1517AUFJSFQY6T,A33VE53A8N8DNF,3P520RYKCI990LN1WJPBRJZCKH7U5C,Approved,2024-03-04 21:04:56+09:00,2024-03-04 20:50:47+09:00,2024-03-04 20:54:56+09:00,2024-03-04 21:05:21+09:00,"<?xml version=""1.0"" encoding=""UTF-8"" standalone=""no""?>
<QuestionFormAnswers xmlns=""http://mechanicalturk.amazonaws.com/AWSMechanicalTurkDataSchemas/2005-10-01/QuestionFormAnswers.xsd"">
<Answer>
<QuestionIdentifier>insFollowers</QuestionIdentifier>
<SelectionIdentifier>ag</SelectionIdentifier>
</Answer>
<Answer>
<QuestionIdentifier>factCheck</QuestionIdentifier>
<SelectionIdentifier>renewable</SelectionIdentifier>
</Answer>
<Answer>
<QuestionIdentifier>song</QuestionIdentifier>
<SelectionIdentifier>sad</SelectionIdentifier>
</Answer>
</QuestionFormAnswers>
",stask2
AssignmentId,WorkerId,HITId,AssignmentStatus,AutoApprovalTime,AcceptTime,SubmitTime,ApprovalTime,Answer,score
3BDCF01OGYX6638LO979ZDXGIAFLYO,AR6H3B01WJ1FQ,3P520RYKCI990LN1WJPBRJZCKH7U5C,Approved,2024-03-04 21:04:59+09:00,2024-03-04 20:50:45+09:00,2024-03-04 20:54:59+09:00,2024-03-04 21:05:21+09:00,"<?xml version=""1.0"" encoding=""UTF-8"" standalone=""no""?>
<QuestionFormAnswers xmlns=""http://mechanicalturk.amazonaws.com/AWSMechanicalTurkDataSchemas/2005-10-01/QuestionFormAnswers.xsd"">
<Answer>
<QuestionIdentifier>insFollowers</QuestionIdentifier>
<SelectionIdentifier>be</SelectionIdentifier>
</Answer>
<Answer>
<QuestionIdentifier>factCheck</QuestionIdentifier>
<SelectionIdentifier>store</SelectionIdentifier>
</Answer>
<Answer>
<QuestionIdentifier>song</QuestionIdentifier>
<SelectionIdentifier>horror</SelectionIdentifier>
</Answer>
</QuestionFormAnswers>
",stask2
AssignmentId,WorkerId,HITId,AssignmentStatus,AutoApprovalTime,AcceptTime,SubmitTime,ApprovalTime,Answer,score
3L0KT67Y8FJTAG3B8I4ABZBBA4NSY9,A55R0V2FEIISR,3P520RYKCI990LN1WJPBRJZCKH7U5C,Approved,2024-03-04 21:05:22+09:00,2024-03-04 20:50:41+09:00,2024-03-04 20:55:22+09:00,2024-03-04 21:06:21+09:00,"<?xml version=""1.0"" encoding=""UTF-8"" standalone=""no""?>
<QuestionFormAnswers xmlns=""http://mechanicalturk.amazonaws.com/AWSMechanicalTurkDataSchemas/2005-10-01/QuestionFormAnswers.xsd"">
<Answer>
<QuestionIdentifier>insFollowers</QuestionIdentifier>
<SelectionIdentifier>ag</SelectionIdentifier>
</Answer>
<Answer>
<QuestionIdentifier>factCheck</QuestionIdentifier>
<SelectionIdentifier>idk</SelectionIdentifier>
</Answer>
<Answer>
<QuestionIdentifier>song</QuestionIdentifier>
<SelectionIdentifier>sad</SelectionIdentifier>
</Answer>
</QuestionFormAnswers>
",stask2
AssignmentId,WorkerId,HITId,AssignmentStatus,AutoApprovalTime,AcceptTime,SubmitTime,ApprovalTime,Answer,score
3HMIGG0U4M9BRWO2UKY5U8BAYAGY8F,A3RZWL841E57IY,3P520RYKCI990LN1WJPBRJZCKH7U5C,Approved,2024-03-04 21:05:35+09:00,2024-03-04 20:50:48+09:00,2024-03-04 20:55:35+09:00,2024-03-04 21:06:21+09:00,"<?xml version=""1.0"" encoding=""UTF-8"" standalone=""no""?>
<QuestionFormAnswers xmlns=""http://mechanicalturk.amazonaws.com/AWSMechanicalTurkDataSchemas/2005-10-01/QuestionFormAnswers.xsd"">
<Answer>
<QuestionIdentifier>insFollowers</QuestionIdentifier>
<SelectionIdentifier>ag</SelectionIdentifier>
</Answer>
<Answer>
<QuestionIdentifier>factCheck</QuestionIdentifier>
<SelectionIdentifier>renewable</SelectionIdentifier>
</Answer>
<Answer>
<QuestionIdentifier>song</QuestionIdentifier>
<SelectionIdentifier>peace</SelectionIdentifier>
</Answer>
</QuestionFormAnswers>
",stask2
AssignmentId,WorkerId,HITId,AssignmentStatus,AutoApprovalTime,AcceptTime,SubmitTime,ApprovalTime,Answer,score
33FOTY3KENOGDT3CZ771I7WJHGTC12,ARX6M0IUOU23O,3P520RYKCI990LN1WJPBRJZCKH7U5C,Approved,2024-03-04 21:05:43+09:00,2024-03-04 20:52:52+09:00,2024-03-04 20:55:43+09:00,2024-03-04 21:06:21+09:00,"<?xml version=""1.0"" encoding=""UTF-8"" standalone=""no""?>
<QuestionFormAnswers xmlns=""http://mechanicalturk.amazonaws.com/AWSMechanicalTurkDataSchemas/2005-10-01/QuestionFormAnswers.xsd"">
<Answer>
<QuestionIdentifier>insFollowers</QuestionIdentifier>
<SelectionIdentifier>ag</SelectionIdentifier>
</Answer>
<Answer>
<QuestionIdentifier>factCheck</QuestionIdentifier>
<SelectionIdentifier>idk</SelectionIdentifier>
</Answer>
<Answer>
<QuestionIdentifier>song</QuestionIdentifier>
<SelectionIdentifier>idk</SelectionIdentifier>
</Answer>
</QuestionFormAnswers>
",stask2
AssignmentId,WorkerId,HITId,AssignmentStatus,AutoApprovalTime,AcceptTime,SubmitTime,ApprovalTime,Answer,score
358010RM5FWK23U5XHND38O972NXVD,A2QGD6X05I2F20,3P520RYKCI990LN1WJPBRJZCKH7U5C,Approved,2024-03-04 21:06:22+09:00,2024-03-04 20:50:44+09:00,2024-03-04 20:56:22+09:00,2024-03-04 21:07:21+09:00,"<?xml version=""1.0"" encoding=""UTF-8"" standalone=""no""?>
<QuestionFormAnswers xmlns=""http://mechanicalturk.amazonaws.com/AWSMechanicalTurkDataSchemas/2005-10-01/QuestionFormAnswers.xsd"">
<Answer>
<QuestionIdentifier>insFollowers</QuestionIdentifier>
<SelectionIdentifier>be</SelectionIdentifier>
</Answer>
<Answer>
<QuestionIdentifier>factCheck</QuestionIdentifier>
<SelectionIdentifier>store</SelectionIdentifier>
</Answer>
<Answer>
<QuestionIdentifier>song</QuestionIdentifier>
<SelectionIdentifier>peace</SelectionIdentifier>
</Answer>
</QuestionFormAnswers>
",stask2
AssignmentId,WorkerId,HITId,AssignmentStatus,AutoApprovalTime,AcceptTime,SubmitTime,ApprovalTime,Answer,score
3WOKGM4L72JHFTFXTTCSZ27Q1260OK,A92E2X13UWJYO,3P520RYKCI990LN1WJPBRJZCKH7U5C,Approved,2024-03-04 21:06:47+09:00,2024-03-04 20:50:43+09:00,2024-03-04 20:56:47+09:00,2024-03-04 21:07:21+09:00,"<?xml version=""1.0"" encoding=""UTF-8"" standalone=""no""?>
<QuestionFormAnswers xmlns=""http://mechanicalturk.amazonaws.com/AWSMechanicalTurkDataSchemas/2005-10-01/QuestionFormAnswers.xsd"">
<Answer>
<QuestionIdentifier>insFollowers</QuestionIdentifier>
<SelectionIdentifier>be</SelectionIdentifier>
</Answer>
<Answer>
<QuestionIdentifier>factCheck</QuestionIdentifier>
<SelectionIdentifier>renewable</SelectionIdentifier>
</Answer>
<Answer>
<QuestionIdentifier>song</QuestionIdentifier>
<SelectionIdentifier>horror</SelectionIdentifier>
</Answer>
</QuestionFormAnswers>
",stask2
AssignmentId,WorkerId,HITId,AssignmentStatus,AutoApprovalTime,AcceptTime,SubmitTime,ApprovalTime,Answer,score
3BF51CHDTWD7NCTAPGH2FTAPPGS0HW,A1HHFZBUM7UWWU,3P520RYKCI990LN1WJPBRJZCKH7U5C,Approved,2024-03-04 21:07:01+09:00,2024-03-04 20:50:42+09:00,2024-03-04 20:57:01+09:00,2024-03-04 21:07:21+09:00,"<?xml version=""1.0"" encoding=""UTF-8"" standalone=""no""?>
<QuestionFormAnswers xmlns=""http://mechanicalturk.amazonaws.com/AWSMechanicalTurkDataSchemas/2005-10-01/QuestionFormAnswers.xsd"">
<Answer>
<QuestionIdentifier>insFollowers</QuestionIdentifier>
<SelectionIdentifier>ag</SelectionIdentifier>
</Answer>
<Answer>
<QuestionIdentifier>factCheck</QuestionIdentifier>
<SelectionIdentifier>idk</SelectionIdentifier>
</Answer>
<Answer>
<QuestionIdentifier>song</QuestionIdentifier>
<SelectionIdentifier>sad</SelectionIdentifier>
</Answer>
</QuestionFormAnswers>
",stask2
AssignmentId,WorkerId,HITId,AssignmentStatus,AutoApprovalTime,AcceptTime,SubmitTime,ApprovalTime,Answer,score
3S0TNUHWKUL8TLTBYOBRHN19GMB8DI,APTVIV8I042QU,3P520RYKCI990LN1WJPBRJZCKH7U5C,Approved,2024-03-04 21:07:13+09:00,2024-03-04 20:50:46+09:00,2024-03-04 20:57:13+09:00,2024-03-04 21:07:21+09:00,"<?xml version=""1.0"" encoding=""UTF-8"" standalone=""no""?>
<QuestionFormAnswers xmlns=""http://mechanicalturk.amazonaws.com/AWSMechanicalTurkDataSchemas/2005-10-01/QuestionFormAnswers.xsd"">
<Answer>
<QuestionIdentifier>insFollowers</QuestionIdentifier>
<SelectionIdentifier>be</SelectionIdentifier>
</Answer>
<Answer>
<QuestionIdentifier>factCheck</QuestionIdentifier>
<SelectionIdentifier>renewable</SelectionIdentifier>
</Answer>
<Answer>
<QuestionIdentifier>song</QuestionIdentifier>
<SelectionIdentifier>exciting</SelectionIdentifier>
</Answer>
</QuestionFormAnswers>
",stask2
AssignmentId,WorkerId,HITId,AssignmentStatus,AutoApprovalTime,AcceptTime,SubmitTime,ApprovalTime,Answer,score
3AUQQEL7U6WC5DOUU5Y6UU1YXV30VM,AJO6Z6W5DL0GX,3P520RYKCI990LN1WJPBRJZCKH7U5C,Approved,2024-03-04 21:07:28+09:00,2024-03-04 20:50:46+09:00,2024-03-04 20:57:28+09:00,2024-03-04 21:08:21+09:00,"<?xml version=""1.0"" encoding=""UTF-8"" standalone=""no""?>
<QuestionFormAnswers xmlns=""http://mechanicalturk.amazonaws.com/AWSMechanicalTurkDataSchemas/2005-10-01/QuestionFormAnswers.xsd"">
<Answer>
<QuestionIdentifier>insFollowers</QuestionIdentifier>
<SelectionIdentifier>idk</SelectionIdentifier>
</Answer>
<Answer>
<QuestionIdentifier>factCheck</QuestionIdentifier>
<SelectionIdentifier>idk</SelectionIdentifier>
</Answer>
<Answer>
<QuestionIdentifier>song</QuestionIdentifier>
<SelectionIdentifier>idk</SelectionIdentifier>
</Answer>
</QuestionFormAnswers>
",stask2
AssignmentId,WorkerId,HITId,AssignmentStatus,AutoApprovalTime,AcceptTime,SubmitTime,ApprovalTime,Answer,score
39U1BHVTDMUT9DJ28XGAVABK3M6T3T,A1B212KR4P9Z5M,3P520RYKCI990LN1WJPBRJZCKH7U5C,Approved,2024-03-04 21:07:38+09:00,2024-03-04 20:50:44+09:00,2024-03-04 20:57:38+09:00,2024-03-04 21:08:21+09:00,"<?xml version=""1.0"" encoding=""UTF-8"" standalone=""no""?>
<QuestionFormAnswers xmlns=""http://mechanicalturk.amazonaws.com/AWSMechanicalTurkDataSchemas/2005-10-01/QuestionFormAnswers.xsd"">
<Answer>
<QuestionIdentifier>insFollowers</QuestionIdentifier>
<SelectionIdentifier>ag</SelectionIdentifier>
</Answer>
<Answer>
<QuestionIdentifier>factCheck</QuestionIdentifier>
<SelectionIdentifier>store</SelectionIdentifier>
</Answer>
<Answer>
<QuestionIdentifier>song</QuestionIdentifier>
<SelectionIdentifier>peace</SelectionIdentifier>
</Answer>
</QuestionFormAnswers>
",stask2
AssignmentId,WorkerId,HITId,AssignmentStatus,AutoApprovalTime,AcceptTime,SubmitTime,ApprovalTime,Answer,score
3D3VGR7TA1IGTY6A48BFVVA2F19R3E,A38MICPKMPOMKO,3P520RYKCI990LN1WJPBRJZCKH7U5C,Approved,2024-03-04 21:08:02+09:00,2024-03-04 20:50:46+09:00,2024-03-04 20:58:02+09:00,2024-03-04 21:08:21+09:00,"<?xml version=""1.0"" encoding=""UTF-8"" standalone=""no""?>
<QuestionFormAnswers xmlns=""http://mechanicalturk.amazonaws.com/AWSMechanicalTurkDataSchemas/2005-10-01/QuestionFormAnswers.xsd"">
<Answer>
<QuestionIdentifier>insFollowers</QuestionIdentifier>
<SelectionIdentifier>ag</SelectionIdentifier>
</Answer>
<Answer>
<QuestionIdentifier>factCheck</QuestionIdentifier>
<SelectionIdentifier>store</SelectionIdentifier>
</Answer>
<Answer>
<QuestionIdentifier>song</QuestionIdentifier>
<SelectionIdentifier>sad</SelectionIdentifier>
</Answer>
</QuestionFormAnswers>
",stask2
AssignmentId,WorkerId,HITId,AssignmentStatus,AutoApprovalTime,AcceptTime,SubmitTime,ApprovalTime,Answer,score
3L2IS5HSFBLFDUR1QLQZ9KVSRH4NUU,A35C2EW7OU8JXS,3P520RYKCI990LN1WJPBRJZCKH7U5C,Approved,2024-03-04 21:08:11+09:00,2024-03-04 20:50:39+09:00,2024-03-04 20:58:11+09:00,2024-03-04 21:08:21+09:00,"<?xml version=""1.0"" encoding=""UTF-8"" standalone=""no""?>
<QuestionFormAnswers xmlns=""http://mechanicalturk.amazonaws.com/AWSMechanicalTurkDataSchemas/2005-10-01/QuestionFormAnswers.xsd"">
<Answer>
<QuestionIdentifier>insFollowers</QuestionIdentifier>
<SelectionIdentifier>be</SelectionIdentifier>
</Answer>
<Answer>
<QuestionIdentifier>factCheck</QuestionIdentifier>
<SelectionIdentifier>store</SelectionIdentifier>
</Answer>
<Answer>
<QuestionIdentifier>song</QuestionIdentifier>
<SelectionIdentifier>exciting</SelectionIdentifier>
</Answer>
</QuestionFormAnswers>
",stask2
AssignmentId,WorkerId,HITId,AssignmentStatus,AutoApprovalTime,AcceptTime,SubmitTime,ApprovalTime,Answer,score
3ZAK8W07I5HCSYZUPFO1Y8ZFJOU0UX,A2MTH4F30M47H,3P520RYKCI990LN1WJPBRJZCKH7U5C,Approved,2024-03-04 21:08:40+09:00,2024-03-04 20:50:45+09:00,2024-03-04 20:58:40+09:00,2024-03-04 21:09:21+09:00,"<?xml version=""1.0"" encoding=""UTF-8"" standalone=""no""?>
<QuestionFormAnswers xmlns=""http://mechanicalturk.amazonaws.com/AWSMechanicalTurkDataSchemas/2005-10-01/QuestionFormAnswers.xsd"">
<Answer>
<QuestionIdentifier>insFollowers</QuestionIdentifier>
<SelectionIdentifier>ag</SelectionIdentifier>
</Answer>
<Answer>
<QuestionIdentifier>factCheck</QuestionIdentifier>
<SelectionIdentifier>renewable</SelectionIdentifier>
</Answer>
<Answer>
<QuestionIdentifier>song</QuestionIdentifier>
<SelectionIdentifier>horror</SelectionIdentifier>
</Answer>
</QuestionFormAnswers>
",stask2
AssignmentId,WorkerId,HITId,AssignmentStatus,AutoApprovalTime,AcceptTime,SubmitTime,ApprovalTime,Answer,score
3DIP6YHAPDVDLR7BUJMBN5JUGYCE8H,A20OEK6BVW13NV,3P520RYKCI990LN1WJPBRJZCKH7U5C,Approved,2024-03-04 21:09:07+09:00,2024-03-04 20:52:01+09:00,2024-03-04 20:59:07+09:00,2024-03-04 21:09:21+09:00,"<?xml version=""1.0"" encoding=""UTF-8"" standalone=""no""?>
<QuestionFormAnswers xmlns=""http://mechanicalturk.amazonaws.com/AWSMechanicalTurkDataSchemas/2005-10-01/QuestionFormAnswers.xsd"">
<Answer>
<QuestionIdentifier>insFollowers</QuestionIdentifier>
<SelectionIdentifier>be</SelectionIdentifier>
</Answer>
<Answer>
<QuestionIdentifier>factCheck</QuestionIdentifier>
<SelectionIdentifier>store</SelectionIdentifier>
</Answer>
<Answer>
<QuestionIdentifier>song</QuestionIdentifier>
<SelectionIdentifier>peace</SelectionIdentifier>
</Answer>
</QuestionFormAnswers>
",stask2
AssignmentId,WorkerId,HITId,AssignmentStatus,AutoApprovalTime,AcceptTime,SubmitTime,ApprovalTime,Answer,score
3KGTPGBS6YOJO82842SFHWSUGME2UJ,A197703CQQGQB5,3P520RYKCI990LN1WJPBRJZCKH7U5C,Approved,2024-03-04 21:11:34+09:00,2024-03-04 21:00:46+09:00,2024-03-04 21:01:34+09:00,2024-03-04 21:12:21+09:00,"<?xml version=""1.0"" encoding=""UTF-8"" standalone=""no""?>
<QuestionFormAnswers xmlns=""http://mechanicalturk.amazonaws.com/AWSMechanicalTurkDataSchemas/2005-10-01/QuestionFormAnswers.xsd"">
<Answer>
<QuestionIdentifier>insFollowers</QuestionIdentifier>
<SelectionIdentifier>be</SelectionIdentifier>
</Answer>
<Answer>
<QuestionIdentifier>factCheck</QuestionIdentifier>
<SelectionIdentifier>store</SelectionIdentifier>
</Answer>
<Answer>
<QuestionIdentifier>song</QuestionIdentifier>
<SelectionIdentifier>peace</SelectionIdentifier>
</Answer>
</QuestionFormAnswers>
",stask2
AssignmentId,WorkerId,HITId,AssignmentStatus,AutoApprovalTime,AcceptTime,SubmitTime,ApprovalTime,Answer,score
3J2UYBXQQMFRQN9TTXQYI2LZG2C601,AN8C2ECT3BWQX,3P520RYKCI990LN1WJPBRJZCKH7U5C,Approved,2024-03-04 21:11:53+09:00,2024-03-04 21:01:18+09:00,2024-03-04 21:01:53+09:00,2024-03-04 21:12:21+09:00,"<?xml version=""1.0"" encoding=""UTF-8"" standalone=""no""?>
<QuestionFormAnswers xmlns=""http://mechanicalturk.amazonaws.com/AWSMechanicalTurkDataSchemas/2005-10-01/QuestionFormAnswers.xsd"">
<Answer>
<QuestionIdentifier>insFollowers</QuestionIdentifier>
<SelectionIdentifier>be</SelectionIdentifier>
</Answer>
<Answer>
<QuestionIdentifier>factCheck</QuestionIdentifier>
<SelectionIdentifier>renewable</SelectionIdentifier>
</Answer>
<Answer>
<QuestionIdentifier>song</QuestionIdentifier>
<SelectionIdentifier>peace</SelectionIdentifier>
</Answer>
</QuestionFormAnswers>
",stask2
AssignmentId,WorkerId,HITId,AssignmentStatus,AutoApprovalTime,AcceptTime,SubmitTime,ApprovalTime,Answer,score
31HQ4X3T3TD9AHWCP3FKHR9F1PJLSA,AAZOM1BFHCJWK,3P520RYKCI990LN1WJPBRJZCKH7U5C,Approved,2024-03-04 21:12:20+09:00,2024-03-04 21:01:06+09:00,2024-03-04 21:02:20+09:00,2024-03-04 21:12:21+09:00,"<?xml version=""1.0"" encoding=""UTF-8"" standalone=""no""?>
<QuestionFormAnswers xmlns=""http://mechanicalturk.amazonaws.com/AWSMechanicalTurkDataSchemas/2005-10-01/QuestionFormAnswers.xsd"">
<Answer>
<QuestionIdentifier>insFollowers</QuestionIdentifier>
<SelectionIdentifier>be</SelectionIdentifier>
</Answer>
<Answer>
<QuestionIdentifier>factCheck</QuestionIdentifier>
<SelectionIdentifier>renewable</SelectionIdentifier>
</Answer>
<Answer>
<QuestionIdentifier>song</QuestionIdentifier>
<SelectionIdentifier>peace</SelectionIdentifier>
</Answer>
</QuestionFormAnswers>
",stask2
AssignmentId,WorkerId,HITId,AssignmentStatus,AutoApprovalTime,AcceptTime,SubmitTime,ApprovalTime,Answer,score
3F0BG9B9MQQ7RIJJKF6ZG8FFNQC7Y3,A3KLMH6M8WT57B,3P520RYKCI990LN1WJPBRJZCKH7U5C,Approved,2024-03-04 21:13:17+09:00,2024-03-04 21:02:54+09:00,2024-03-04 21:03:17+09:00,2024-03-04 21:13:21+09:00,"<?xml version=""1.0"" encoding=""UTF-8"" standalone=""no""?>
<QuestionFormAnswers xmlns=""http://mechanicalturk.amazonaws.com/AWSMechanicalTurkDataSchemas/2005-10-01/QuestionFormAnswers.xsd"">
<Answer>
<QuestionIdentifier>insFollowers</QuestionIdentifier>
<SelectionIdentifier>ag</SelectionIdentifier>
</Answer>
<Answer>
<QuestionIdentifier>factCheck</QuestionIdentifier>
<SelectionIdentifier>store</SelectionIdentifier>
</Answer>
<Answer>
<QuestionIdentifier>song</QuestionIdentifier>
<SelectionIdentifier>horror</SelectionIdentifier>
</Answer>
</QuestionFormAnswers>
",stask2
AssignmentId,WorkerId,HITId,AssignmentStatus,AutoApprovalTime,AcceptTime,SubmitTime,ApprovalTime,Answer,score
3FE7TXL1LJQRWFVRNT8A7VV5D192QF,A1IUTAQV9VSYS1,3P520RYKCI990LN1WJPBRJZCKH7U5C,Approved,2024-03-04 21:13:21+09:00,2024-03-04 21:02:16+09:00,2024-03-04 21:03:21+09:00,2024-03-04 21:14:21+09:00,"<?xml version=""1.0"" encoding=""UTF-8"" standalone=""no""?>
<QuestionFormAnswers xmlns=""http://mechanicalturk.amazonaws.com/AWSMechanicalTurkDataSchemas/2005-10-01/QuestionFormAnswers.xsd"">
<Answer>
<QuestionIdentifier>insFollowers</QuestionIdentifier>
<SelectionIdentifier>ag</SelectionIdentifier>
</Answer>
<Answer>
<QuestionIdentifier>factCheck</QuestionIdentifier>
<SelectionIdentifier>store</SelectionIdentifier>
</Answer>
<Answer>
<QuestionIdentifier>song</QuestionIdentifier>
<SelectionIdentifier>horror</SelectionIdentifier>
</Answer>
</QuestionFormAnswers>
",stask2
AssignmentId,WorkerId,HITId,AssignmentStatus,AutoApprovalTime,AcceptTime,SubmitTime,ApprovalTime,Answer,score
3VW04L3ZLU9C6SZ0XWOVRTLUNDVXXG,AR9RIH3TXU1MU,3P520RYKCI990LN1WJPBRJZCKH7U5C,Approved,2024-03-04 21:13:35+09:00,2024-03-04 21:01:23+09:00,2024-03-04 21:03:35+09:00,2024-03-04 21:14:21+09:00,"<?xml version=""1.0"" encoding=""UTF-8"" standalone=""no""?>
<QuestionFormAnswers xmlns=""http://mechanicalturk.amazonaws.com/AWSMechanicalTurkDataSchemas/2005-10-01/QuestionFormAnswers.xsd"">
<Answer>
<QuestionIdentifier>insFollowers</QuestionIdentifier>
<SelectionIdentifier>ag</SelectionIdentifier>
</Answer>
<Answer>
<QuestionIdentifier>factCheck</QuestionIdentifier>
<SelectionIdentifier>store</SelectionIdentifier>
</Answer>
<Answer>
<QuestionIdentifier>song</QuestionIdentifier>
<SelectionIdentifier>horror</SelectionIdentifier>
</Answer>
</QuestionFormAnswers>
",stask2
AssignmentId,WorkerId,HITId,AssignmentStatus,AutoApprovalTime,AcceptTime,SubmitTime,ApprovalTime,Answer,score
3W8CV64QJ32PJ6HNPC0V84BISKNH9Q,A2FAAOGWUTTTF5,3P520RYKCI990LN1WJPBRJZCKH7U5C,Approved,2024-03-04 21:14:05+09:00,2024-03-04 21:02:19+09:00,2024-03-04 21:04:05+09:00,2024-03-04 21:14:21+09:00,"<?xml version=""1.0"" encoding=""UTF-8"" standalone=""no""?>
<QuestionFormAnswers xmlns=""http://mechanicalturk.amazonaws.com/AWSMechanicalTurkDataSchemas/2005-10-01/QuestionFormAnswers.xsd"">
<Answer>
<QuestionIdentifier>insFollowers</QuestionIdentifier>
<SelectionIdentifier>ag</SelectionIdentifier>
</Answer>
<Answer>
<QuestionIdentifier>factCheck</QuestionIdentifier>
<SelectionIdentifier>renewable</SelectionIdentifier>
</Answer>
<Answer>
<QuestionIdentifier>song</QuestionIdentifier>
<SelectionIdentifier>peace</SelectionIdentifier>
</Answer>
</QuestionFormAnswers>
",stask2
AssignmentId,WorkerId,HITId,AssignmentStatus,AutoApprovalTime,AcceptTime,SubmitTime,ApprovalTime,Answer,score
3DEL4X4EL7O16XPA2SAXA7S3PJPXYM,A16QLNK79S7QFZ,3P520RYKCI990LN1WJPBRJZCKH7U5C,Approved,2024-03-04 21:14:29+09:00,2024-03-04 21:01:19+09:00,2024-03-04 21:04:29+09:00,2024-03-04 21:15:21+09:00,"<?xml version=""1.0"" encoding=""UTF-8"" standalone=""no""?>
<QuestionFormAnswers xmlns=""http://mechanicalturk.amazonaws.com/AWSMechanicalTurkDataSchemas/2005-10-01/QuestionFormAnswers.xsd"">
<Answer>
<QuestionIdentifier>insFollowers</QuestionIdentifier>
<SelectionIdentifier>ag</SelectionIdentifier>
</Answer>
<Answer>
<QuestionIdentifier>factCheck</QuestionIdentifier>
<SelectionIdentifier>store</SelectionIdentifier>
</Answer>
<Answer>
<QuestionIdentifier>song</QuestionIdentifier>
<SelectionIdentifier>horror</SelectionIdentifier>
</Answer>
</QuestionFormAnswers>
",stask2
AssignmentId,WorkerId,HITId,AssignmentStatus,AutoApprovalTime,AcceptTime,SubmitTime,ApprovalTime,Answer,score
3TEM0PF1Q60QBWO83KYCO8VRXO0D01,A2MC0K8VDG1TQI,3P520RYKCI990LN1WJPBRJZCKH7U5C,Approved,2024-03-04 21:14:37+09:00,2024-03-04 21:03:05+09:00,2024-03-04 21:04:37+09:00,2024-03-04 21:15:21+09:00,"<?xml version=""1.0"" encoding=""UTF-8"" standalone=""no""?>
<QuestionFormAnswers xmlns=""http://mechanicalturk.amazonaws.com/AWSMechanicalTurkDataSchemas/2005-10-01/QuestionFormAnswers.xsd"">
<Answer>
<QuestionIdentifier>insFollowers</QuestionIdentifier>
<SelectionIdentifier>ag</SelectionIdentifier>
</Answer>
<Answer>
<QuestionIdentifier>factCheck</QuestionIdentifier>
<SelectionIdentifier>store</SelectionIdentifier>
</Answer>
<Answer>
<QuestionIdentifier>song</QuestionIdentifier>
<SelectionIdentifier>sad</SelectionIdentifier>
</Answer>
</QuestionFormAnswers>
",stask2
AssignmentId,WorkerId,HITId,AssignmentStatus,AutoApprovalTime,AcceptTime,SubmitTime,ApprovalTime,Answer,score
382M9COHEIIBJOEOXMNGJX1JDP4UED,A2I6HVUDBTGD1,3P520RYKCI990LN1WJPBRJZCKH7U5C,Approved,2024-03-04 21:14:44+09:00,2024-03-04 21:02:15+09:00,2024-03-04 21:04:44+09:00,2024-03-04 21:15:21+09:00,"<?xml version=""1.0"" encoding=""UTF-8"" standalone=""no""?>
<QuestionFormAnswers xmlns=""http://mechanicalturk.amazonaws.com/AWSMechanicalTurkDataSchemas/2005-10-01/QuestionFormAnswers.xsd"">
<Answer>
<QuestionIdentifier>insFollowers</QuestionIdentifier>
<SelectionIdentifier>be</SelectionIdentifier>
</Answer>
<Answer>
<QuestionIdentifier>factCheck</QuestionIdentifier>
<SelectionIdentifier>store</SelectionIdentifier>
</Answer>
<Answer>
<QuestionIdentifier>song</QuestionIdentifier>
<SelectionIdentifier>peace</SelectionIdentifier>
</Answer>
</QuestionFormAnswers>
",stask2
AssignmentId,WorkerId,HITId,AssignmentStatus,AutoApprovalTime,AcceptTime,SubmitTime,ApprovalTime,Answer,score
37Z929RLGABXTU4HYCHB3IJWV26STL,A3VS8GA6Q5ZB1E,3P520RYKCI990LN1WJPBRJZCKH7U5C,Approved,2024-03-04 21:14:46+09:00,2024-03-04 20:59:23+09:00,2024-03-04 21:04:46+09:00,2024-03-04 21:15:21+09:00,"<?xml version=""1.0"" encoding=""UTF-8"" standalone=""no""?>
<QuestionFormAnswers xmlns=""http://mechanicalturk.amazonaws.com/AWSMechanicalTurkDataSchemas/2005-10-01/QuestionFormAnswers.xsd"">
<Answer>
<QuestionIdentifier>insFollowers</QuestionIdentifier>
<SelectionIdentifier>be</SelectionIdentifier>
</Answer>
<Answer>
<QuestionIdentifier>factCheck</QuestionIdentifier>
<SelectionIdentifier>store</SelectionIdentifier>
</Answer>
<Answer>
<QuestionIdentifier>song</QuestionIdentifier>
<SelectionIdentifier>peace</SelectionIdentifier>
</Answer>
</QuestionFormAnswers>
",stask2
AssignmentId,WorkerId,HITId,AssignmentStatus,AutoApprovalTime,AcceptTime,SubmitTime,ApprovalTime,Answer,score
3OB0CAO74IS4K7PVXOSB7L491T7YHV,A3VF2IODR96IAF,3P520RYKCI990LN1WJPBRJZCKH7U5C,Approved,2024-03-04 21:15:01+09:00,2024-03-04 20:59:54+09:00,2024-03-04 21:05:01+09:00,2024-03-04 21:15:21+09:00,"<?xml version=""1.0"" encoding=""UTF-8"" standalone=""no""?>
<QuestionFormAnswers xmlns=""http://mechanicalturk.amazonaws.com/AWSMechanicalTurkDataSchemas/2005-10-01/QuestionFormAnswers.xsd"">
<Answer>
<QuestionIdentifier>insFollowers</QuestionIdentifier>
<SelectionIdentifier>ag</SelectionIdentifier>
</Answer>
<Answer>
<QuestionIdentifier>factCheck</QuestionIdentifier>
<SelectionIdentifier>store</SelectionIdentifier>
</Answer>
<Answer>
<QuestionIdentifier>song</QuestionIdentifier>
<SelectionIdentifier>horror</SelectionIdentifier>
</Answer>
</QuestionFormAnswers>
",stask2
AssignmentId,WorkerId,HITId,AssignmentStatus,AutoApprovalTime,AcceptTime,SubmitTime,ApprovalTime,Answer,score
35GMH2SV3FKG6JUR10B7KR9UV3HEOL,A2ZHZUX4ATUVFJ,3P520RYKCI990LN1WJPBRJZCKH7U5C,Approved,2024-03-04 21:15:10+09:00,2024-03-04 21:02:03+09:00,2024-03-04 21:05:10+09:00,2024-03-04 21:15:21+09:00,"<?xml version=""1.0"" encoding=""UTF-8"" standalone=""no""?>
<QuestionFormAnswers xmlns=""http://mechanicalturk.amazonaws.com/AWSMechanicalTurkDataSchemas/2005-10-01/QuestionFormAnswers.xsd"">
<Answer>
<QuestionIdentifier>insFollowers</QuestionIdentifier>
<SelectionIdentifier>ag</SelectionIdentifier>
</Answer>
<Answer>
<QuestionIdentifier>factCheck</QuestionIdentifier>
<SelectionIdentifier>store</SelectionIdentifier>
</Answer>
<Answer>
<QuestionIdentifier>song</QuestionIdentifier>
<SelectionIdentifier>sad</SelectionIdentifier>
</Answer>
</QuestionFormAnswers>
",stask2
AssignmentId,WorkerId,HITId,AssignmentStatus,AutoApprovalTime,AcceptTime,SubmitTime,ApprovalTime,Answer,score
3O7L7BFSHFS6AXJO35Y20UD8JUIEIQ,A1A9RBD2M6F8VT,3P520RYKCI990LN1WJPBRJZCKH7U5C,Approved,2024-03-04 21:15:24+09:00,2024-03-04 21:02:11+09:00,2024-03-04 21:05:24+09:00,2024-03-04 21:16:21+09:00,"<?xml version=""1.0"" encoding=""UTF-8"" standalone=""no""?>
<QuestionFormAnswers xmlns=""http://mechanicalturk.amazonaws.com/AWSMechanicalTurkDataSchemas/2005-10-01/QuestionFormAnswers.xsd"">
<Answer>
<QuestionIdentifier>insFollowers</QuestionIdentifier>
<SelectionIdentifier>be</SelectionIdentifier>
</Answer>
<Answer>
<QuestionIdentifier>factCheck</QuestionIdentifier>
<SelectionIdentifier>store</SelectionIdentifier>
</Answer>
<Answer>
<QuestionIdentifier>song</QuestionIdentifier>
<SelectionIdentifier>horror</SelectionIdentifier>
</Answer>
</QuestionFormAnswers>
",stask2
AssignmentId,WorkerId,HITId,AssignmentStatus,AutoApprovalTime,AcceptTime,SubmitTime,ApprovalTime,Answer,score
3TY7ZAOG5GNYP2UIV1KZSLQHHXXK0L,A3K4310H5JGDOA,3P520RYKCI990LN1WJPBRJZCKH7U5C,Approved,2024-03-04 21:15:27+09:00,2024-03-04 21:02:54+09:00,2024-03-04 21:05:27+09:00,2024-03-04 21:16:21+09:00,"<?xml version=""1.0"" encoding=""UTF-8"" standalone=""no""?>
<QuestionFormAnswers xmlns=""http://mechanicalturk.amazonaws.com/AWSMechanicalTurkDataSchemas/2005-10-01/QuestionFormAnswers.xsd"">
<Answer>
<QuestionIdentifier>insFollowers</QuestionIdentifier>
<SelectionIdentifier>ag</SelectionIdentifier>
</Answer>
<Answer>
<QuestionIdentifier>factCheck</QuestionIdentifier>
<SelectionIdentifier>store</SelectionIdentifier>
</Answer>
<Answer>
<QuestionIdentifier>song</QuestionIdentifier>
<SelectionIdentifier>sad</SelectionIdentifier>
</Answer>
</QuestionFormAnswers>
",stask2
AssignmentId,WorkerId,HITId,AssignmentStatus,AutoApprovalTime,AcceptTime,SubmitTime,ApprovalTime,Answer,score
3R2UR8A0IBJPCJL8W51Z8GU1B9QXOB,A324C5L6JIMN16,3P520RYKCI990LN1WJPBRJZCKH7U5C,Approved,2024-03-04 21:16:23+09:00,2024-03-04 21:01:35+09:00,2024-03-04 21:06:23+09:00,2024-03-04 21:17:21+09:00,"<?xml version=""1.0"" encoding=""UTF-8"" standalone=""no""?>
<QuestionFormAnswers xmlns=""http://mechanicalturk.amazonaws.com/AWSMechanicalTurkDataSchemas/2005-10-01/QuestionFormAnswers.xsd"">
<Answer>
<QuestionIdentifier>insFollowers</QuestionIdentifier>
<SelectionIdentifier>be</SelectionIdentifier>
</Answer>
<Answer>
<QuestionIdentifier>factCheck</QuestionIdentifier>
<SelectionIdentifier>store</SelectionIdentifier>
</Answer>
<Answer>
<QuestionIdentifier>song</QuestionIdentifier>
<SelectionIdentifier>horror</SelectionIdentifier>
</Answer>
</QuestionFormAnswers>
",stask2
AssignmentId,WorkerId,HITId,AssignmentStatus,AutoApprovalTime,AcceptTime,SubmitTime,ApprovalTime,Answer,score
3LEIZ60CDK2BARHHVY628BFNOA49Z8,A30U8AEGO6OJWL,3P520RYKCI990LN1WJPBRJZCKH7U5C,Approved,2024-03-04 21:16:32+09:00,2024-03-04 21:02:11+09:00,2024-03-04 21:06:32+09:00,2024-03-04 21:17:21+09:00,"<?xml version=""1.0"" encoding=""UTF-8"" standalone=""no""?>
<QuestionFormAnswers xmlns=""http://mechanicalturk.amazonaws.com/AWSMechanicalTurkDataSchemas/2005-10-01/QuestionFormAnswers.xsd"">
<Answer>
<QuestionIdentifier>insFollowers</QuestionIdentifier>
<SelectionIdentifier>be</SelectionIdentifier>
</Answer>
<Answer>
<QuestionIdentifier>factCheck</QuestionIdentifier>
<SelectionIdentifier>store</SelectionIdentifier>
</Answer>
<Answer>
<QuestionIdentifier>song</QuestionIdentifier>
<SelectionIdentifier>exciting</SelectionIdentifier>
</Answer>
</QuestionFormAnswers>
",stask2
AssignmentId,WorkerId,HITId,AssignmentStatus,AutoApprovalTime,AcceptTime,SubmitTime,ApprovalTime,Answer,score
3G5F9DBFOQ0NGDUQSD5R0M0FJC4VHI,A3VM4B6JYQXG7S,3P520RYKCI990LN1WJPBRJZCKH7U5C,Approved,2024-03-04 21:19:07+09:00,2024-03-04 21:01:07+09:00,2024-03-04 21:09:07+09:00,2024-03-04 21:19:21+09:00,"<?xml version=""1.0"" encoding=""UTF-8"" standalone=""no""?>
<QuestionFormAnswers xmlns=""http://mechanicalturk.amazonaws.com/AWSMechanicalTurkDataSchemas/2005-10-01/QuestionFormAnswers.xsd"">
<Answer>
<QuestionIdentifier>insFollowers</QuestionIdentifier>
<SelectionIdentifier>be</SelectionIdentifier>
</Answer>
<Answer>
<QuestionIdentifier>factCheck</QuestionIdentifier>
<SelectionIdentifier>store</SelectionIdentifier>
</Answer>
<Answer>
<QuestionIdentifier>song</QuestionIdentifier>
<SelectionIdentifier>exciting</SelectionIdentifier>
</Answer>
</QuestionFormAnswers>
",stask2
AssignmentId,WorkerId,HITId,AssignmentStatus,AutoApprovalTime,AcceptTime,SubmitTime,ApprovalTime,Answer,score
3LKC68YZ3B6ANJGIM05D6XGU27MWOJ,AXRXH912DZQX1,3P520RYKCI990LN1WJPBRJZCKH7U5C,Approved,2024-03-04 21:19:14+09:00,2024-03-04 21:08:47+09:00,2024-03-04 21:09:14+09:00,2024-03-04 21:19:21+09:00,"<?xml version=""1.0"" encoding=""UTF-8"" standalone=""no""?>
<QuestionFormAnswers xmlns=""http://mechanicalturk.amazonaws.com/AWSMechanicalTurkDataSchemas/2005-10-01/QuestionFormAnswers.xsd"">
<Answer>
<QuestionIdentifier>insFollowers</QuestionIdentifier>
<SelectionIdentifier>be</SelectionIdentifier>
</Answer>
<Answer>
<QuestionIdentifier>factCheck</QuestionIdentifier>
<SelectionIdentifier>renewable</SelectionIdentifier>
</Answer>
<Answer>
<QuestionIdentifier>song</QuestionIdentifier>
<SelectionIdentifier>peace</SelectionIdentifier>
</Answer>
</QuestionFormAnswers>
",stask2
AssignmentId,WorkerId,HITId,AssignmentStatus,AutoApprovalTime,AcceptTime,SubmitTime,ApprovalTime,Answer,score
32XVDSJFP000B0XZV01TQMB030C2MS,A344IO5IXCOO38,3P520RYKCI990LN1WJPBRJZCKH7U5C,Approved,2024-03-04 21:20:17+09:00,2024-03-04 21:02:09+09:00,2024-03-04 21:10:17+09:00,2024-03-04 21:20:21+09:00,"<?xml version=""1.0"" encoding=""UTF-8"" standalone=""no""?>
<QuestionFormAnswers xmlns=""http://mechanicalturk.amazonaws.com/AWSMechanicalTurkDataSchemas/2005-10-01/QuestionFormAnswers.xsd"">
<Answer>
<QuestionIdentifier>insFollowers</QuestionIdentifier>
<SelectionIdentifier>ag</SelectionIdentifier>
</Answer>
<Answer>
<QuestionIdentifier>factCheck</QuestionIdentifier>
<SelectionIdentifier>idk</SelectionIdentifier>
</Answer>
<Answer>
<QuestionIdentifier>song</QuestionIdentifier>
<SelectionIdentifier>sad</SelectionIdentifier>
</Answer>
</QuestionFormAnswers>
",stask2
AssignmentId,WorkerId,HITId,AssignmentStatus,AutoApprovalTime,AcceptTime,SubmitTime,ApprovalTime,Answer,score
3B837J3LDPZKDFRPUNCG33IE7H9RS7,A1HD1P4OPBX6L6,3P520RYKCI990LN1WJPBRJZCKH7U5C,Approved,2024-03-04 21:20:40+09:00,2024-03-04 21:02:02+09:00,2024-03-04 21:10:40+09:00,2024-03-04 21:21:21+09:00,"<?xml version=""1.0"" encoding=""UTF-8"" standalone=""no""?>
<QuestionFormAnswers xmlns=""http://mechanicalturk.amazonaws.com/AWSMechanicalTurkDataSchemas/2005-10-01/QuestionFormAnswers.xsd"">
<Answer>
<QuestionIdentifier>insFollowers</QuestionIdentifier>
<SelectionIdentifier>ag</SelectionIdentifier>
</Answer>
<Answer>
<QuestionIdentifier>factCheck</QuestionIdentifier>
<SelectionIdentifier>idk</SelectionIdentifier>
</Answer>
<Answer>
<QuestionIdentifier>song</QuestionIdentifier>
<SelectionIdentifier>sad</SelectionIdentifier>
</Answer>
</QuestionFormAnswers>
",stask2
AssignmentId,WorkerId,HITId,AssignmentStatus,AutoApprovalTime,AcceptTime,SubmitTime,ApprovalTime,Answer,score
3NXNZ5RS1B0SQHBBC3EJHRMOEHR79E,A3BI9C0TUM5DSQ,3P520RYKCI990LN1WJPBRJZCKH7U5C,Approved,2024-03-04 21:20:55+09:00,2024-03-04 21:01:31+09:00,2024-03-04 21:10:55+09:00,2024-03-04 21:21:21+09:00,"<?xml version=""1.0"" encoding=""UTF-8"" standalone=""no""?>
<QuestionFormAnswers xmlns=""http://mechanicalturk.amazonaws.com/AWSMechanicalTurkDataSchemas/2005-10-01/QuestionFormAnswers.xsd"">
<Answer>
<QuestionIdentifier>insFollowers</QuestionIdentifier>
<SelectionIdentifier>ag</SelectionIdentifier>
</Answer>
<Answer>
<QuestionIdentifier>factCheck</QuestionIdentifier>
<SelectionIdentifier>idk</SelectionIdentifier>
</Answer>
<Answer>
<QuestionIdentifier>song</QuestionIdentifier>
<SelectionIdentifier>sad</SelectionIdentifier>
</Answer>
</QuestionFormAnswers>
",stask2
AssignmentId,WorkerId,HITId,AssignmentStatus,AutoApprovalTime,AcceptTime,SubmitTime,ApprovalTime,Answer,score
34QN5IT0T0UEU1SHMCNW2GHQMX280P,AVMRNLB8U26P2,3P520RYKCI990LN1WJPBRJZCKH7U5C,Approved,2024-03-04 21:21:57+09:00,2024-03-04 21:05:24+09:00,2024-03-04 21:11:57+09:00,2024-03-04 21:22:21+09:00,"<?xml version=""1.0"" encoding=""UTF-8"" standalone=""no""?>
<QuestionFormAnswers xmlns=""http://mechanicalturk.amazonaws.com/AWSMechanicalTurkDataSchemas/2005-10-01/QuestionFormAnswers.xsd"">
<Answer>
<QuestionIdentifier>insFollowers</QuestionIdentifier>
<SelectionIdentifier>ag</SelectionIdentifier>
</Answer>
<Answer>
<QuestionIdentifier>factCheck</QuestionIdentifier>
<SelectionIdentifier>idk</SelectionIdentifier>
</Answer>
<Answer>
<QuestionIdentifier>song</QuestionIdentifier>
<SelectionIdentifier>sad</SelectionIdentifier>
</Answer>
</QuestionFormAnswers>
",stask2
AssignmentId,WorkerId,HITId,AssignmentStatus,AutoApprovalTime,AcceptTime,SubmitTime,ApprovalTime,Answer,score
3X87C8JFV7EK1ECPH8NGYD89BV6QS4,A2GUSVGAKNEGQF,3P520RYKCI990LN1WJPBRJZCKH7U5C,Approved,2024-03-04 21:22:33+09:00,2024-03-04 21:12:06+09:00,2024-03-04 21:12:33+09:00,2024-03-04 21:23:21+09:00,"<?xml version=""1.0"" encoding=""UTF-8"" standalone=""no""?>
<QuestionFormAnswers xmlns=""http://mechanicalturk.amazonaws.com/AWSMechanicalTurkDataSchemas/2005-10-01/QuestionFormAnswers.xsd"">
<Answer>
<QuestionIdentifier>insFollowers</QuestionIdentifier>
<SelectionIdentifier>be</SelectionIdentifier>
</Answer>
<Answer>
<QuestionIdentifier>factCheck</QuestionIdentifier>
<SelectionIdentifier>renewable</SelectionIdentifier>
</Answer>
<Answer>
<QuestionIdentifier>song</QuestionIdentifier>
<SelectionIdentifier>peace</SelectionIdentifier>
</Answer>
</QuestionFormAnswers>
",stask2
AssignmentId,WorkerId,HITId,AssignmentStatus,AutoApprovalTime,AcceptTime,SubmitTime,ApprovalTime,Answer,score
3YMTUJH0DTJER9268BLT5F3QHM44TR,A2T95QRTXOXCRO,3P520RYKCI990LN1WJPBRJZCKH7U5C,Approved,2024-03-04 21:23:15+09:00,2024-03-04 21:12:31+09:00,2024-03-04 21:13:15+09:00,2024-03-04 21:23:21+09:00,"<?xml version=""1.0"" encoding=""UTF-8"" standalone=""no""?>
<QuestionFormAnswers xmlns=""http://mechanicalturk.amazonaws.com/AWSMechanicalTurkDataSchemas/2005-10-01/QuestionFormAnswers.xsd"">
<Answer>
<QuestionIdentifier>insFollowers</QuestionIdentifier>
<SelectionIdentifier>be</SelectionIdentifier>
</Answer>
<Answer>
<QuestionIdentifier>factCheck</QuestionIdentifier>
<SelectionIdentifier>store</SelectionIdentifier>
</Answer>
<Answer>
<QuestionIdentifier>song</QuestionIdentifier>
<SelectionIdentifier>horror</SelectionIdentifier>
</Answer>
</QuestionFormAnswers>
",stask2
AssignmentId,WorkerId,HITId,AssignmentStatus,AutoApprovalTime,AcceptTime,SubmitTime,ApprovalTime,Answer,score
3GS6S824SR0S5YG6LL50R8GPCXFNWT,A26MRON9XGPVB5,3P520RYKCI990LN1WJPBRJZCKH7U5C,Approved,2024-03-04 21:24:07+09:00,2024-03-04 21:12:38+09:00,2024-03-04 21:14:07+09:00,2024-03-04 21:24:21+09:00,"<?xml version=""1.0"" encoding=""UTF-8"" standalone=""no""?>
<QuestionFormAnswers xmlns=""http://mechanicalturk.amazonaws.com/AWSMechanicalTurkDataSchemas/2005-10-01/QuestionFormAnswers.xsd"">
<Answer>
<QuestionIdentifier>insFollowers</QuestionIdentifier>
<SelectionIdentifier>ag</SelectionIdentifier>
</Answer>
<Answer>
<QuestionIdentifier>factCheck</QuestionIdentifier>
<SelectionIdentifier>renewable</SelectionIdentifier>
</Answer>
<Answer>
<QuestionIdentifier>song</QuestionIdentifier>
<SelectionIdentifier>sad</SelectionIdentifier>
</Answer>
</QuestionFormAnswers>
",stask2
AssignmentId,WorkerId,HITId,AssignmentStatus,AutoApprovalTime,AcceptTime,SubmitTime,ApprovalTime,Answer,score
34S6N1K2ZWMKK8IWE93LDD2DSE5LHS,A2ZN3Q6015GOUA,3P520RYKCI990LN1WJPBRJZCKH7U5C,Approved,2024-03-04 21:24:13+09:00,2024-03-04 21:13:26+09:00,2024-03-04 21:14:13+09:00,2024-03-04 21:24:21+09:00,"<?xml version=""1.0"" encoding=""UTF-8"" standalone=""no""?>
<QuestionFormAnswers xmlns=""http://mechanicalturk.amazonaws.com/AWSMechanicalTurkDataSchemas/2005-10-01/QuestionFormAnswers.xsd"">
<Answer>
<QuestionIdentifier>insFollowers</QuestionIdentifier>
<SelectionIdentifier>ag</SelectionIdentifier>
</Answer>
<Answer>
<QuestionIdentifier>factCheck</QuestionIdentifier>
<SelectionIdentifier>store</SelectionIdentifier>
</Answer>
<Answer>
<QuestionIdentifier>song</QuestionIdentifier>
<SelectionIdentifier>exciting</SelectionIdentifier>
</Answer>
</QuestionFormAnswers>
",stask2
AssignmentId,WorkerId,HITId,AssignmentStatus,AutoApprovalTime,AcceptTime,SubmitTime,ApprovalTime,Answer,score
3R0T90IZ1TFDH8TFHQS4PU0PJ5DCG3,A31LF4B4PFVCFH,3P520RYKCI990LN1WJPBRJZCKH7U5C,Approved,2024-03-04 21:24:21+09:00,2024-03-04 21:12:31+09:00,2024-03-04 21:14:21+09:00,2024-03-04 21:25:21+09:00,"<?xml version=""1.0"" encoding=""UTF-8"" standalone=""no""?>
<QuestionFormAnswers xmlns=""http://mechanicalturk.amazonaws.com/AWSMechanicalTurkDataSchemas/2005-10-01/QuestionFormAnswers.xsd"">
<Answer>
<QuestionIdentifier>insFollowers</QuestionIdentifier>
<SelectionIdentifier>ag</SelectionIdentifier>
</Answer>
<Answer>
<QuestionIdentifier>factCheck</QuestionIdentifier>
<SelectionIdentifier>renewable</SelectionIdentifier>
</Answer>
<Answer>
<QuestionIdentifier>song</QuestionIdentifier>
<SelectionIdentifier>sad</SelectionIdentifier>
</Answer>
</QuestionFormAnswers>
",stask2
AssignmentId,WorkerId,HITId,AssignmentStatus,AutoApprovalTime,AcceptTime,SubmitTime,ApprovalTime,Answer,score
3IRIK4HM3BNBKF495DJID3N0PRC6CX,A1KZG9HWOQ37O7,3P520RYKCI990LN1WJPBRJZCKH7U5C,Approved,2024-03-04 21:25:04+09:00,2024-03-04 21:14:38+09:00,2024-03-04 21:15:04+09:00,2024-03-04 21:25:21+09:00,"<?xml version=""1.0"" encoding=""UTF-8"" standalone=""no""?>
<QuestionFormAnswers xmlns=""http://mechanicalturk.amazonaws.com/AWSMechanicalTurkDataSchemas/2005-10-01/QuestionFormAnswers.xsd"">
<Answer>
<QuestionIdentifier>insFollowers</QuestionIdentifier>
<SelectionIdentifier>ag</SelectionIdentifier>
</Answer>
<Answer>
<QuestionIdentifier>factCheck</QuestionIdentifier>
<SelectionIdentifier>store</SelectionIdentifier>
</Answer>
<Answer>
<QuestionIdentifier>song</QuestionIdentifier>
<SelectionIdentifier>idk</SelectionIdentifier>
</Answer>
</QuestionFormAnswers>
",stask2
AssignmentId,WorkerId,HITId,AssignmentStatus,AutoApprovalTime,AcceptTime,SubmitTime,ApprovalTime,Answer,score
3Y5140Z9DYJA7O8ECJEDU6CCX1LIPG,ATBO8AV9ADX1C,3P520RYKCI990LN1WJPBRJZCKH7U5C,Approved,2024-03-04 21:25:08+09:00,2024-03-04 21:13:38+09:00,2024-03-04 21:15:08+09:00,2024-03-04 21:25:21+09:00,"<?xml version=""1.0"" encoding=""UTF-8"" standalone=""no""?>
<QuestionFormAnswers xmlns=""http://mechanicalturk.amazonaws.com/AWSMechanicalTurkDataSchemas/2005-10-01/QuestionFormAnswers.xsd"">
<Answer>
<QuestionIdentifier>insFollowers</QuestionIdentifier>
<SelectionIdentifier>ag</SelectionIdentifier>
</Answer>
<Answer>
<QuestionIdentifier>factCheck</QuestionIdentifier>
<SelectionIdentifier>idk</SelectionIdentifier>
</Answer>
<Answer>
<QuestionIdentifier>song</QuestionIdentifier>
<SelectionIdentifier>horror</SelectionIdentifier>
</Answer>
</QuestionFormAnswers>
",stask2
AssignmentId,WorkerId,HITId,AssignmentStatus,AutoApprovalTime,AcceptTime,SubmitTime,ApprovalTime,Answer,score
3B1NLC6UG0ZWBX2JMVEA9UZWIOTGPM,A2VWRU3TCMCNKH,3P520RYKCI990LN1WJPBRJZCKH7U5C,Approved,2024-03-04 21:25:17+09:00,2024-03-04 21:13:50+09:00,2024-03-04 21:15:17+09:00,2024-03-04 21:25:21+09:00,"<?xml version=""1.0"" encoding=""UTF-8"" standalone=""no""?>
<QuestionFormAnswers xmlns=""http://mechanicalturk.amazonaws.com/AWSMechanicalTurkDataSchemas/2005-10-01/QuestionFormAnswers.xsd"">
<Answer>
<QuestionIdentifier>insFollowers</QuestionIdentifier>
<SelectionIdentifier>ag</SelectionIdentifier>
</Answer>
<Answer>
<QuestionIdentifier>factCheck</QuestionIdentifier>
<SelectionIdentifier>store</SelectionIdentifier>
</Answer>
<Answer>
<QuestionIdentifier>song</QuestionIdentifier>
<SelectionIdentifier>horror</SelectionIdentifier>
</Answer>
</QuestionFormAnswers>
",stask2
AssignmentId,WorkerId,HITId,AssignmentStatus,AutoApprovalTime,AcceptTime,SubmitTime,ApprovalTime,Answer,score
3TY7ZAOG5GNYP2UIV1KZSLQHHXZ0K3,A107UPWGLFTOH6,3P520RYKCI990LN1WJPBRJZCKH7U5C,Approved,2024-03-04 21:25:22+09:00,2024-03-04 21:13:50+09:00,2024-03-04 21:15:22+09:00,2024-03-04 21:26:21+09:00,"<?xml version=""1.0"" encoding=""UTF-8"" standalone=""no""?>
<QuestionFormAnswers xmlns=""http://mechanicalturk.amazonaws.com/AWSMechanicalTurkDataSchemas/2005-10-01/QuestionFormAnswers.xsd"">
<Answer>
<QuestionIdentifier>insFollowers</QuestionIdentifier>
<SelectionIdentifier>ag</SelectionIdentifier>
</Answer>
<Answer>
<QuestionIdentifier>factCheck</QuestionIdentifier>
<SelectionIdentifier>store</SelectionIdentifier>
</Answer>
<Answer>
<QuestionIdentifier>song</QuestionIdentifier>
<SelectionIdentifier>horror</SelectionIdentifier>
</Answer>
</QuestionFormAnswers>
",stask2
AssignmentId,WorkerId,HITId,AssignmentStatus,AutoApprovalTime,AcceptTime,SubmitTime,ApprovalTime,Answer,score
33FBRBDW6P2YOTNXYSGGXHJRVM18CK,A2VNIOI5GX51C6,3P520RYKCI990LN1WJPBRJZCKH7U5C,Approved,2024-03-04 21:25:41+09:00,2024-03-04 21:12:58+09:00,2024-03-04 21:15:41+09:00,2024-03-04 21:26:21+09:00,"<?xml version=""1.0"" encoding=""UTF-8"" standalone=""no""?>
<QuestionFormAnswers xmlns=""http://mechanicalturk.amazonaws.com/AWSMechanicalTurkDataSchemas/2005-10-01/QuestionFormAnswers.xsd"">
<Answer>
<QuestionIdentifier>insFollowers</QuestionIdentifier>
<SelectionIdentifier>ag</SelectionIdentifier>
</Answer>
<Answer>
<QuestionIdentifier>factCheck</QuestionIdentifier>
<SelectionIdentifier>idk</SelectionIdentifier>
</Answer>
<Answer>
<QuestionIdentifier>song</QuestionIdentifier>
<SelectionIdentifier>horror</SelectionIdentifier>
</Answer>
</QuestionFormAnswers>
",stask2
AssignmentId,WorkerId,HITId,AssignmentStatus,AutoApprovalTime,AcceptTime,SubmitTime,ApprovalTime,Answer,score
3MH9DQ757XF932AF3HD4J0MVQ5LGUI,A1UMG849S2STBV,3P520RYKCI990LN1WJPBRJZCKH7U5C,Approved,2024-03-04 21:26:00+09:00,2024-03-04 21:14:37+09:00,2024-03-04 21:16:00+09:00,2024-03-04 21:26:21+09:00,"<?xml version=""1.0"" encoding=""UTF-8"" standalone=""no""?>
<QuestionFormAnswers xmlns=""http://mechanicalturk.amazonaws.com/AWSMechanicalTurkDataSchemas/2005-10-01/QuestionFormAnswers.xsd"">
<Answer>
<QuestionIdentifier>insFollowers</QuestionIdentifier>
<SelectionIdentifier>be</SelectionIdentifier>
</Answer>
<Answer>
<QuestionIdentifier>factCheck</QuestionIdentifier>
<SelectionIdentifier>renewable</SelectionIdentifier>
</Answer>
<Answer>
<QuestionIdentifier>song</QuestionIdentifier>
<SelectionIdentifier>exciting</SelectionIdentifier>
</Answer>
</QuestionFormAnswers>
",stask2
AssignmentId,WorkerId,HITId,AssignmentStatus,AutoApprovalTime,AcceptTime,SubmitTime,ApprovalTime,Answer,score
30X31N5D64TSEY58SCQU8DT47DNASK,ADZGTYMR24HMM,3P520RYKCI990LN1WJPBRJZCKH7U5C,Approved,2024-03-04 21:26:03+09:00,2024-03-04 21:13:05+09:00,2024-03-04 21:16:03+09:00,2024-03-04 21:26:21+09:00,"<?xml version=""1.0"" encoding=""UTF-8"" standalone=""no""?>
<QuestionFormAnswers xmlns=""http://mechanicalturk.amazonaws.com/AWSMechanicalTurkDataSchemas/2005-10-01/QuestionFormAnswers.xsd"">
<Answer>
<QuestionIdentifier>insFollowers</QuestionIdentifier>
<SelectionIdentifier>ag</SelectionIdentifier>
</Answer>
<Answer>
<QuestionIdentifier>factCheck</QuestionIdentifier>
<SelectionIdentifier>idk</SelectionIdentifier>
</Answer>
<Answer>
<QuestionIdentifier>song</QuestionIdentifier>
<SelectionIdentifier>horror</SelectionIdentifier>
</Answer>
</QuestionFormAnswers>
",stask2
AssignmentId,WorkerId,HITId,AssignmentStatus,AutoApprovalTime,AcceptTime,SubmitTime,ApprovalTime,Answer,score
3TVSS0C0E23Q0BLQIHRC07MH1F4WT6,A2O7CEZZQ6L9CG,3P520RYKCI990LN1WJPBRJZCKH7U5C,Approved,2024-03-04 21:26:04+09:00,2024-03-04 21:15:17+09:00,2024-03-04 21:16:04+09:00,2024-03-04 21:26:21+09:00,"<?xml version=""1.0"" encoding=""UTF-8"" standalone=""no""?>
<QuestionFormAnswers xmlns=""http://mechanicalturk.amazonaws.com/AWSMechanicalTurkDataSchemas/2005-10-01/QuestionFormAnswers.xsd"">
<Answer>
<QuestionIdentifier>insFollowers</QuestionIdentifier>
<SelectionIdentifier>ag</SelectionIdentifier>
</Answer>
<Answer>
<QuestionIdentifier>factCheck</QuestionIdentifier>
<SelectionIdentifier>store</SelectionIdentifier>
</Answer>
<Answer>
<QuestionIdentifier>song</QuestionIdentifier>
<SelectionIdentifier>horror</SelectionIdentifier>
</Answer>
</QuestionFormAnswers>
",stask2
AssignmentId,WorkerId,HITId,AssignmentStatus,AutoApprovalTime,AcceptTime,SubmitTime,ApprovalTime,Answer,score
3CTOC39K38THWTOKYF5W6L0RAM37J9,AMZKUA5AFL4YM,3P520RYKCI990LN1WJPBRJZCKH7U5C,Approved,2024-03-04 21:26:46+09:00,2024-03-04 21:14:38+09:00,2024-03-04 21:16:46+09:00,2024-03-04 21:27:02+09:00,"<?xml version=""1.0"" encoding=""UTF-8"" standalone=""no""?>
<QuestionFormAnswers xmlns=""http://mechanicalturk.amazonaws.com/AWSMechanicalTurkDataSchemas/2005-10-01/QuestionFormAnswers.xsd"">
<Answer>
<QuestionIdentifier>insFollowers</QuestionIdentifier>
<SelectionIdentifier>be</SelectionIdentifier>
</Answer>
<Answer>
<QuestionIdentifier>factCheck</QuestionIdentifier>
<SelectionIdentifier>store</SelectionIdentifier>
</Answer>
<Answer>
<QuestionIdentifier>song</QuestionIdentifier>
<SelectionIdentifier>peace</SelectionIdentifier>
</Answer>
</QuestionFormAnswers>
",stask2
AssignmentId,WorkerId,HITId,AssignmentStatus,AutoApprovalTime,AcceptTime,SubmitTime,ApprovalTime,Answer,score
3PB5A5BD0W975RYJQ9KT988BIUM7G5,A1GH6S7TZ9083V,3P520RYKCI990LN1WJPBRJZCKH7U5C,Approved,2024-03-04 21:27:28+09:00,2024-03-04 21:12:33+09:00,2024-03-04 21:17:28+09:00,2024-03-04 21:27:02+09:00,"<?xml version=""1.0"" encoding=""UTF-8"" standalone=""no""?>
<QuestionFormAnswers xmlns=""http://mechanicalturk.amazonaws.com/AWSMechanicalTurkDataSchemas/2005-10-01/QuestionFormAnswers.xsd"">
<Answer>
<QuestionIdentifier>insFollowers</QuestionIdentifier>
<SelectionIdentifier>be</SelectionIdentifier>
</Answer>
<Answer>
<QuestionIdentifier>factCheck</QuestionIdentifier>
<SelectionIdentifier>store</SelectionIdentifier>
</Answer>
<Answer>
<QuestionIdentifier>song</QuestionIdentifier>
<SelectionIdentifier>idk</SelectionIdentifier>
</Answer>
</QuestionFormAnswers>
",stask2
AssignmentId,WorkerId,HITId,AssignmentStatus,AutoApprovalTime,AcceptTime,SubmitTime,ApprovalTime,Answer,score
3V26SBZTBEHQGIZUZW01LZHG3DSZZD,A3Q6NRMAUULJ8T,3P520RYKCI990LN1WJPBRJZCKH7U5C,Approved,2024-03-04 21:29:36+09:00,2024-03-04 21:12:38+09:00,2024-03-04 21:19:36+09:00,2024-03-04 21:27:03+09:00,"<?xml version=""1.0"" encoding=""UTF-8"" standalone=""no""?>
<QuestionFormAnswers xmlns=""http://mechanicalturk.amazonaws.com/AWSMechanicalTurkDataSchemas/2005-10-01/QuestionFormAnswers.xsd"">
<Answer>
<QuestionIdentifier>insFollowers</QuestionIdentifier>
<SelectionIdentifier>idk</SelectionIdentifier>
</Answer>
<Answer>
<QuestionIdentifier>factCheck</QuestionIdentifier>
<SelectionIdentifier>idk</SelectionIdentifier>
</Answer>
<Answer>
<QuestionIdentifier>song</QuestionIdentifier>
<SelectionIdentifier>idk</SelectionIdentifier>
</Answer>
</QuestionFormAnswers>
",stask2
AssignmentId,WorkerId,HITId,AssignmentStatus,AutoApprovalTime,AcceptTime,SubmitTime,ApprovalTime,Answer,score
3S0TNUHWKUL8TLTBYOBRHN19GMD8DK,A34Z9LMI089LMT,3P520RYKCI990LN1WJPBRJZCKH7U5C,Approved,2024-03-04 21:30:42+09:00,2024-03-04 21:13:04+09:00,2024-03-04 21:20:42+09:00,2024-03-04 21:27:03+09:00,"<?xml version=""1.0"" encoding=""UTF-8"" standalone=""no""?>
<QuestionFormAnswers xmlns=""http://mechanicalturk.amazonaws.com/AWSMechanicalTurkDataSchemas/2005-10-01/QuestionFormAnswers.xsd"">
<Answer>
<QuestionIdentifier>insFollowers</QuestionIdentifier>
<SelectionIdentifier>ag</SelectionIdentifier>
</Answer>
<Answer>
<QuestionIdentifier>factCheck</QuestionIdentifier>
<SelectionIdentifier>renewable</SelectionIdentifier>
</Answer>
<Answer>
<QuestionIdentifier>song</QuestionIdentifier>
<SelectionIdentifier>peace</SelectionIdentifier>
</Answer>
</QuestionFormAnswers>
",stask2
AssignmentId,WorkerId,HITId,AssignmentStatus,AutoApprovalTime,AcceptTime,SubmitTime,ApprovalTime,Answer,score
3VW04L3ZLU9C6SZ0XWOVRTLUNDYXXJ,AILT4SWETTAUL,3P520RYKCI990LN1WJPBRJZCKH7U5C,Approved,2024-03-04 21:30:56+09:00,2024-03-04 21:14:13+09:00,2024-03-04 21:20:56+09:00,2024-03-04 21:27:03+09:00,"<?xml version=""1.0"" encoding=""UTF-8"" standalone=""no""?>
<QuestionFormAnswers xmlns=""http://mechanicalturk.amazonaws.com/AWSMechanicalTurkDataSchemas/2005-10-01/QuestionFormAnswers.xsd"">
<Answer>
<QuestionIdentifier>insFollowers</QuestionIdentifier>
<SelectionIdentifier>be</SelectionIdentifier>
</Answer>
<Answer>
<QuestionIdentifier>factCheck</QuestionIdentifier>
<SelectionIdentifier>store</SelectionIdentifier>
</Answer>
<Answer>
<QuestionIdentifier>song</QuestionIdentifier>
<SelectionIdentifier>exciting</SelectionIdentifier>
</Answer>
</QuestionFormAnswers>
",stask2
AssignmentId,WorkerId,HITId,AssignmentStatus,AutoApprovalTime,AcceptTime,SubmitTime,ApprovalTime,Answer,score
3MAOD8E57RD7UYLWVQ1MTRUWLZLNXM,A185V3K7TFCL4T,3JYPJ2TAYJBOAD8UL93Q3P3Q1UTPFU,Approved,2024-03-04 21:01:48+09:00,2024-03-04 20:50:43+09:00,2024-03-04 20:51:48+09:00,2024-03-04 21:02:21+09:00,"<?xml version=""1.0"" encoding=""UTF-8"" standalone=""no""?>
<QuestionFormAnswers xmlns=""http://mechanicalturk.amazonaws.com/AWSMechanicalTurkDataSchemas/2005-10-01/QuestionFormAnswers.xsd"">
<Answer>
<QuestionIdentifier>insFollowers</QuestionIdentifier>
<SelectionIdentifier>ag</SelectionIdentifier>
</Answer>
<Answer>
<QuestionIdentifier>factCheck</QuestionIdentifier>
<SelectionIdentifier>idk</SelectionIdentifier>
</Answer>
<Answer>
<QuestionIdentifier>song</QuestionIdentifier>
<SelectionIdentifier>sad</SelectionIdentifier>
</Answer>
</QuestionFormAnswers>
",stask1
AssignmentId,WorkerId,HITId,AssignmentStatus,AutoApprovalTime,AcceptTime,SubmitTime,ApprovalTime,Answer,score
3RXPCZQMQQETU5JH1T3K8YHYF8L1G1,A17532W60T5FAM,3JYPJ2TAYJBOAD8UL93Q3P3Q1UTPFU,Approved,2024-03-04 21:02:04+09:00,2024-03-04 20:51:07+09:00,2024-03-04 20:52:04+09:00,2024-03-04 21:02:21+09:00,"<?xml version=""1.0"" encoding=""UTF-8"" standalone=""no""?>
<QuestionFormAnswers xmlns=""http://mechanicalturk.amazonaws.com/AWSMechanicalTurkDataSchemas/2005-10-01/QuestionFormAnswers.xsd"">
<Answer>
<QuestionIdentifier>insFollowers</QuestionIdentifier>
<SelectionIdentifier>ag</SelectionIdentifier>
</Answer>
<Answer>
<QuestionIdentifier>factCheck</QuestionIdentifier>
<SelectionIdentifier>idk</SelectionIdentifier>
</Answer>
<Answer>
<QuestionIdentifier>song</QuestionIdentifier>
<SelectionIdentifier>sad</SelectionIdentifier>
</Answer>
</QuestionFormAnswers>
",stask1
AssignmentId,WorkerId,HITId,AssignmentStatus,AutoApprovalTime,AcceptTime,SubmitTime,ApprovalTime,Answer,score
30IQTZXKAL9492TPUKZOIFYJD6B0XP,AU64IGL3VNRK,3JYPJ2TAYJBOAD8UL93Q3P3Q1UTPFU,Approved,2024-03-04 21:02:27+09:00,2024-03-04 20:50:46+09:00,2024-03-04 20:52:27+09:00,2024-03-04 21:03:21+09:00,"<?xml version=""1.0"" encoding=""UTF-8"" standalone=""no""?>
<QuestionFormAnswers xmlns=""http://mechanicalturk.amazonaws.com/AWSMechanicalTurkDataSchemas/2005-10-01/QuestionFormAnswers.xsd"">
<Answer>
<QuestionIdentifier>insFollowers</QuestionIdentifier>
<SelectionIdentifier>ag</SelectionIdentifier>
</Answer>
<Answer>
<QuestionIdentifier>factCheck</QuestionIdentifier>
<SelectionIdentifier>idk</SelectionIdentifier>
</Answer>
<Answer>
<QuestionIdentifier>song</QuestionIdentifier>
<SelectionIdentifier>sad</SelectionIdentifier>
</Answer>
</QuestionFormAnswers>
",stask1
AssignmentId,WorkerId,HITId,AssignmentStatus,AutoApprovalTime,AcceptTime,SubmitTime,ApprovalTime,Answer,score
3YJ6NA41JCJ62ZSKU1ZD67RCAG8JPR,A35LSSFI2JNCHH,3JYPJ2TAYJBOAD8UL93Q3P3Q1UTPFU,Approved,2024-03-04 21:03:41+09:00,2024-03-04 20:53:15+09:00,2024-03-04 20:53:41+09:00,2024-03-04 21:04:21+09:00,"<?xml version=""1.0"" encoding=""UTF-8"" standalone=""no""?>
<QuestionFormAnswers xmlns=""http://mechanicalturk.amazonaws.com/AWSMechanicalTurkDataSchemas/2005-10-01/QuestionFormAnswers.xsd"">
<Answer>
<QuestionIdentifier>insFollowers</QuestionIdentifier>
<SelectionIdentifier>be</SelectionIdentifier>
</Answer>
<Answer>
<QuestionIdentifier>factCheck</QuestionIdentifier>
<SelectionIdentifier>store</SelectionIdentifier>
</Answer>
<Answer>
<QuestionIdentifier>song</QuestionIdentifier>
<SelectionIdentifier>peace</SelectionIdentifier>
</Answer>
</QuestionFormAnswers>
",stask1
AssignmentId,WorkerId,HITId,AssignmentStatus,AutoApprovalTime,AcceptTime,SubmitTime,ApprovalTime,Answer,score
3U088ZLJVLWPK2OZKF32GWKC444W0R,A28QAJMYF7IA8A,3JYPJ2TAYJBOAD8UL93Q3P3Q1UTPFU,Approved,2024-03-04 21:03:53+09:00,2024-03-04 20:50:51+09:00,2024-03-04 20:53:53+09:00,2024-03-04 21:04:21+09:00,"<?xml version=""1.0"" encoding=""UTF-8"" standalone=""no""?>
<QuestionFormAnswers xmlns=""http://mechanicalturk.amazonaws.com/AWSMechanicalTurkDataSchemas/2005-10-01/QuestionFormAnswers.xsd"">
<Answer>
<QuestionIdentifier>insFollowers</QuestionIdentifier>
<SelectionIdentifier>be</SelectionIdentifier>
</Answer>
<Answer>
<QuestionIdentifier>factCheck</QuestionIdentifier>
<SelectionIdentifier>store</SelectionIdentifier>
</Answer>
<Answer>
<QuestionIdentifier>song</QuestionIdentifier>
<SelectionIdentifier>horror</SelectionIdentifier>
</Answer>
</QuestionFormAnswers>
",stask1
AssignmentId,WorkerId,HITId,AssignmentStatus,AutoApprovalTime,AcceptTime,SubmitTime,ApprovalTime,Answer,score
3ND9UOO81L52HYDL98PLEGC072FLWP,A1MZ6JHZUE9I0K,3JYPJ2TAYJBOAD8UL93Q3P3Q1UTPFU,Approved,2024-03-04 21:03:53+09:00,2024-03-04 20:50:44+09:00,2024-03-04 20:53:53+09:00,2024-03-04 21:04:21+09:00,"<?xml version=""1.0"" encoding=""UTF-8"" standalone=""no""?>
<QuestionFormAnswers xmlns=""http://mechanicalturk.amazonaws.com/AWSMechanicalTurkDataSchemas/2005-10-01/QuestionFormAnswers.xsd"">
<Answer>
<QuestionIdentifier>insFollowers</QuestionIdentifier>
<SelectionIdentifier>be</SelectionIdentifier>
</Answer>
<Answer>
<QuestionIdentifier>factCheck</QuestionIdentifier>
<SelectionIdentifier>store</SelectionIdentifier>
</Answer>
<Answer>
<QuestionIdentifier>song</QuestionIdentifier>
<SelectionIdentifier>horror</SelectionIdentifier>
</Answer>
</QuestionFormAnswers>
",stask1
AssignmentId,WorkerId,HITId,AssignmentStatus,AutoApprovalTime,AcceptTime,SubmitTime,ApprovalTime,Answer,score
392CY0QWG2UOIVMVEZMPR81H65N4I9,A1FATLZ1UYLVOI,3JYPJ2TAYJBOAD8UL93Q3P3Q1UTPFU,Approved,2024-03-04 21:04:48+09:00,2024-03-04 20:53:00+09:00,2024-03-04 20:54:48+09:00,2024-03-04 21:05:21+09:00,"<?xml version=""1.0"" encoding=""UTF-8"" standalone=""no""?>
<QuestionFormAnswers xmlns=""http://mechanicalturk.amazonaws.com/AWSMechanicalTurkDataSchemas/2005-10-01/QuestionFormAnswers.xsd"">
<Answer>
<QuestionIdentifier>insFollowers</QuestionIdentifier>
<SelectionIdentifier>be</SelectionIdentifier>
</Answer>
<Answer>
<QuestionIdentifier>factCheck</QuestionIdentifier>
<SelectionIdentifier>store</SelectionIdentifier>
</Answer>
<Answer>
<QuestionIdentifier>song</QuestionIdentifier>
<SelectionIdentifier>sad</SelectionIdentifier>
</Answer>
</QuestionFormAnswers>
",stask1
AssignmentId,WorkerId,HITId,AssignmentStatus,AutoApprovalTime,AcceptTime,SubmitTime,ApprovalTime,Answer,score
3X31TUMD7YP9GXXICK00LQM6BP71L7,A2V321BE8FFE6E,3JYPJ2TAYJBOAD8UL93Q3P3Q1UTPFU,Approved,2024-03-04 21:04:58+09:00,2024-03-04 20:51:19+09:00,2024-03-04 20:54:58+09:00,2024-03-04 21:05:21+09:00,"<?xml version=""1.0"" encoding=""UTF-8"" standalone=""no""?>
<QuestionFormAnswers xmlns=""http://mechanicalturk.amazonaws.com/AWSMechanicalTurkDataSchemas/2005-10-01/QuestionFormAnswers.xsd"">
<Answer>
<QuestionIdentifier>insFollowers</QuestionIdentifier>
<SelectionIdentifier>ag</SelectionIdentifier>
</Answer>
<Answer>
<QuestionIdentifier>factCheck</QuestionIdentifier>
<SelectionIdentifier>store</SelectionIdentifier>
</Answer>
<Answer>
<QuestionIdentifier>song</QuestionIdentifier>
<SelectionIdentifier>horror</SelectionIdentifier>
</Answer>
</QuestionFormAnswers>
",stask1
AssignmentId,WorkerId,HITId,AssignmentStatus,AutoApprovalTime,AcceptTime,SubmitTime,ApprovalTime,Answer,score
3HRMW88U17TTFQULGDXF7YIL62R0M5,A46CY174TNKPW,3JYPJ2TAYJBOAD8UL93Q3P3Q1UTPFU,Approved,2024-03-04 21:05:38+09:00,2024-03-04 20:50:43+09:00,2024-03-04 20:55:38+09:00,2024-03-04 21:06:21+09:00,"<?xml version=""1.0"" encoding=""UTF-8"" standalone=""no""?>
<QuestionFormAnswers xmlns=""http://mechanicalturk.amazonaws.com/AWSMechanicalTurkDataSchemas/2005-10-01/QuestionFormAnswers.xsd"">
<Answer>
<QuestionIdentifier>insFollowers</QuestionIdentifier>
<SelectionIdentifier>ag</SelectionIdentifier>
</Answer>
<Answer>
<QuestionIdentifier>factCheck</QuestionIdentifier>
<SelectionIdentifier>idk</SelectionIdentifier>
</Answer>
<Answer>
<QuestionIdentifier>song</QuestionIdentifier>
<SelectionIdentifier>sad</SelectionIdentifier>
</Answer>
</QuestionFormAnswers>
",stask1
AssignmentId,WorkerId,HITId,AssignmentStatus,AutoApprovalTime,AcceptTime,SubmitTime,ApprovalTime,Answer,score
32XVDSJFP000B0XZV01TQMB030AM2A,AKDG18BM11OA9,3JYPJ2TAYJBOAD8UL93Q3P3Q1UTPFU,Approved,2024-03-04 21:06:13+09:00,2024-03-04 20:50:46+09:00,2024-03-04 20:56:13+09:00,2024-03-04 21:06:21+09:00,"<?xml version=""1.0"" encoding=""UTF-8"" standalone=""no""?>
<QuestionFormAnswers xmlns=""http://mechanicalturk.amazonaws.com/AWSMechanicalTurkDataSchemas/2005-10-01/QuestionFormAnswers.xsd"">
<Answer>
<QuestionIdentifier>insFollowers</QuestionIdentifier>
<SelectionIdentifier>ag</SelectionIdentifier>
</Answer>
<Answer>
<QuestionIdentifier>factCheck</QuestionIdentifier>
<SelectionIdentifier>idk</SelectionIdentifier>
</Answer>
<Answer>
<QuestionIdentifier>song</QuestionIdentifier>
<SelectionIdentifier>sad</SelectionIdentifier>
</Answer>
</QuestionFormAnswers>
",stask1
AssignmentId,WorkerId,HITId,AssignmentStatus,AutoApprovalTime,AcceptTime,SubmitTime,ApprovalTime,Answer,score
3WETL7AQWUBROB8C71YCSU56NJL35D,APEHZ60YWGHC3,3JYPJ2TAYJBOAD8UL93Q3P3Q1UTPFU,Approved,2024-03-04 21:06:39+09:00,2024-03-04 20:50:46+09:00,2024-03-04 20:56:39+09:00,2024-03-04 21:07:21+09:00,"<?xml version=""1.0"" encoding=""UTF-8"" standalone=""no""?>
<QuestionFormAnswers xmlns=""http://mechanicalturk.amazonaws.com/AWSMechanicalTurkDataSchemas/2005-10-01/QuestionFormAnswers.xsd"">
<Answer>
<QuestionIdentifier>insFollowers</QuestionIdentifier>
<SelectionIdentifier>ag</SelectionIdentifier>
</Answer>
<Answer>
<QuestionIdentifier>factCheck</QuestionIdentifier>
<SelectionIdentifier>idk</SelectionIdentifier>
</Answer>
<Answer>
<QuestionIdentifier>song</QuestionIdentifier>
<SelectionIdentifier>sad</SelectionIdentifier>
</Answer>
</QuestionFormAnswers>
",stask1
AssignmentId,WorkerId,HITId,AssignmentStatus,AutoApprovalTime,AcceptTime,SubmitTime,ApprovalTime,Answer,score
3S3AMIZX3V8A5OJOF0RWJ9XS6DWCDS,A1509XZN9648IQ,3JYPJ2TAYJBOAD8UL93Q3P3Q1UTPFU,Approved,2024-03-04 21:06:50+09:00,2024-03-04 20:53:56+09:00,2024-03-04 20:56:50+09:00,2024-03-04 21:07:21+09:00,"<?xml version=""1.0"" encoding=""UTF-8"" standalone=""no""?>
<QuestionFormAnswers xmlns=""http://mechanicalturk.amazonaws.com/AWSMechanicalTurkDataSchemas/2005-10-01/QuestionFormAnswers.xsd"">
<Answer>
<QuestionIdentifier>insFollowers</QuestionIdentifier>
<SelectionIdentifier>ag</SelectionIdentifier>
</Answer>
<Answer>
<QuestionIdentifier>factCheck</QuestionIdentifier>
<SelectionIdentifier>store</SelectionIdentifier>
</Answer>
<Answer>
<QuestionIdentifier>song</QuestionIdentifier>
<SelectionIdentifier>sad</SelectionIdentifier>
</Answer>
</QuestionFormAnswers>
",stask1
AssignmentId,WorkerId,HITId,AssignmentStatus,AutoApprovalTime,AcceptTime,SubmitTime,ApprovalTime,Answer,score
3SKEMFQBZ48G7RZLQ5XEL0WZ0V88KV,A1Q1Q66BO4H2RG,3JYPJ2TAYJBOAD8UL93Q3P3Q1UTPFU,Approved,2024-03-04 21:06:50+09:00,2024-03-04 20:51:06+09:00,2024-03-04 20:56:50+09:00,2024-03-04 21:07:21+09:00,"<?xml version=""1.0"" encoding=""UTF-8"" standalone=""no""?>
<QuestionFormAnswers xmlns=""http://mechanicalturk.amazonaws.com/AWSMechanicalTurkDataSchemas/2005-10-01/QuestionFormAnswers.xsd"">
<Answer>
<QuestionIdentifier>insFollowers</QuestionIdentifier>
<SelectionIdentifier>ag</SelectionIdentifier>
</Answer>
<Answer>
<QuestionIdentifier>factCheck</QuestionIdentifier>
<SelectionIdentifier>idk</SelectionIdentifier>
</Answer>
<Answer>
<QuestionIdentifier>song</QuestionIdentifier>
<SelectionIdentifier>idk</SelectionIdentifier>
</Answer>
</QuestionFormAnswers>
",stask1
AssignmentId,WorkerId,HITId,AssignmentStatus,AutoApprovalTime,AcceptTime,SubmitTime,ApprovalTime,Answer,score
3UOUJI6MTEHKPO55SRD87MMQTVEXUO,AKYEV48LP0J5Z,3JYPJ2TAYJBOAD8UL93Q3P3Q1UTPFU,Approved,2024-03-04 21:07:18+09:00,2024-03-04 20:50:44+09:00,2024-03-04 20:57:18+09:00,2024-03-04 21:07:21+09:00,"<?xml version=""1.0"" encoding=""UTF-8"" standalone=""no""?>
<QuestionFormAnswers xmlns=""http://mechanicalturk.amazonaws.com/AWSMechanicalTurkDataSchemas/2005-10-01/QuestionFormAnswers.xsd"">
<Answer>
<QuestionIdentifier>insFollowers</QuestionIdentifier>
<SelectionIdentifier>ag</SelectionIdentifier>
</Answer>
<Answer>
<QuestionIdentifier>factCheck</QuestionIdentifier>
<SelectionIdentifier>idk</SelectionIdentifier>
</Answer>
<Answer>
<QuestionIdentifier>song</QuestionIdentifier>
<SelectionIdentifier>sad</SelectionIdentifier>
</Answer>
</QuestionFormAnswers>
",stask1
AssignmentId,WorkerId,HITId,AssignmentStatus,AutoApprovalTime,AcceptTime,SubmitTime,ApprovalTime,Answer,score
3TVRFO09GLIH6YIBJDL7GZQ7G4LXLU,A2ISZFD29O67S6,3JYPJ2TAYJBOAD8UL93Q3P3Q1UTPFU,Approved,2024-03-04 21:07:26+09:00,2024-03-04 20:50:41+09:00,2024-03-04 20:57:26+09:00,2024-03-04 21:08:21+09:00,"<?xml version=""1.0"" encoding=""UTF-8"" standalone=""no""?>
<QuestionFormAnswers xmlns=""http://mechanicalturk.amazonaws.com/AWSMechanicalTurkDataSchemas/2005-10-01/QuestionFormAnswers.xsd"">
<Answer>
<QuestionIdentifier>insFollowers</QuestionIdentifier>
<SelectionIdentifier>ag</SelectionIdentifier>
</Answer>
<Answer>
<QuestionIdentifier>factCheck</QuestionIdentifier>
<SelectionIdentifier>store</SelectionIdentifier>
</Answer>
<Answer>
<QuestionIdentifier>song</QuestionIdentifier>
<SelectionIdentifier>horror</SelectionIdentifier>
</Answer>
</QuestionFormAnswers>
",stask1
AssignmentId,WorkerId,HITId,AssignmentStatus,AutoApprovalTime,AcceptTime,SubmitTime,ApprovalTime,Answer,score
3RRCEFRB7NFEVN8P8PU85LX4BF34B0,A23T70STKTKLTC,3JYPJ2TAYJBOAD8UL93Q3P3Q1UTPFU,Approved,2024-03-04 21:07:35+09:00,2024-03-04 20:52:14+09:00,2024-03-04 20:57:35+09:00,2024-03-04 21:08:21+09:00,"<?xml version=""1.0"" encoding=""UTF-8"" standalone=""no""?>
<QuestionFormAnswers xmlns=""http://mechanicalturk.amazonaws.com/AWSMechanicalTurkDataSchemas/2005-10-01/QuestionFormAnswers.xsd"">
<Answer>
<QuestionIdentifier>insFollowers</QuestionIdentifier>
<SelectionIdentifier>ag</SelectionIdentifier>
</Answer>
<Answer>
<QuestionIdentifier>factCheck</QuestionIdentifier>
<SelectionIdentifier>idk</SelectionIdentifier>
</Answer>
<Answer>
<QuestionIdentifier>song</QuestionIdentifier>
<SelectionIdentifier>sad</SelectionIdentifier>
</Answer>
</QuestionFormAnswers>
",stask1
AssignmentId,WorkerId,HITId,AssignmentStatus,AutoApprovalTime,AcceptTime,SubmitTime,ApprovalTime,Answer,score
3IKZ72A5B5JQUCUBVWV0NKUPHUQNFW,A1SK3V1IV117HQ,3JYPJ2TAYJBOAD8UL93Q3P3Q1UTPFU,Approved,2024-03-04 21:07:48+09:00,2024-03-04 20:56:59+09:00,2024-03-04 20:57:48+09:00,2024-03-04 21:08:21+09:00,"<?xml version=""1.0"" encoding=""UTF-8"" standalone=""no""?>
<QuestionFormAnswers xmlns=""http://mechanicalturk.amazonaws.com/AWSMechanicalTurkDataSchemas/2005-10-01/QuestionFormAnswers.xsd"">
<Answer>
<QuestionIdentifier>insFollowers</QuestionIdentifier>
<SelectionIdentifier>be</SelectionIdentifier>
</Answer>
<Answer>
<QuestionIdentifier>factCheck</QuestionIdentifier>
<SelectionIdentifier>renewable</SelectionIdentifier>
</Answer>
<Answer>
<QuestionIdentifier>song</QuestionIdentifier>
<SelectionIdentifier>horror</SelectionIdentifier>
</Answer>
</QuestionFormAnswers>
",stask1
AssignmentId,WorkerId,HITId,AssignmentStatus,AutoApprovalTime,AcceptTime,SubmitTime,ApprovalTime,Answer,score
30LSNF239VYEFH78AL31YT4JMRR2IB,A3P9ZAKD6FCGG9,3JYPJ2TAYJBOAD8UL93Q3P3Q1UTPFU,Approved,2024-03-04 21:07:49+09:00,2024-03-04 20:52:54+09:00,2024-03-04 20:57:49+09:00,2024-03-04 21:08:21+09:00,"<?xml version=""1.0"" encoding=""UTF-8"" standalone=""no""?>
<QuestionFormAnswers xmlns=""http://mechanicalturk.amazonaws.com/AWSMechanicalTurkDataSchemas/2005-10-01/QuestionFormAnswers.xsd"">
<Answer>
<QuestionIdentifier>insFollowers</QuestionIdentifier>
<SelectionIdentifier>idk</SelectionIdentifier>
</Answer>
<Answer>
<QuestionIdentifier>factCheck</QuestionIdentifier>
<SelectionIdentifier>idk</SelectionIdentifier>
</Answer>
<Answer>
<QuestionIdentifier>song</QuestionIdentifier>
<SelectionIdentifier>idk</SelectionIdentifier>
</Answer>
</QuestionFormAnswers>
",stask1
AssignmentId,WorkerId,HITId,AssignmentStatus,AutoApprovalTime,AcceptTime,SubmitTime,ApprovalTime,Answer,score
3ZOTGHDK5JEHG2Z92VVC98D9WUOOSU,A3LZL0F6C98X8N,3JYPJ2TAYJBOAD8UL93Q3P3Q1UTPFU,Approved,2024-03-04 21:08:01+09:00,2024-03-04 20:51:07+09:00,2024-03-04 20:58:01+09:00,2024-03-04 21:08:21+09:00,"<?xml version=""1.0"" encoding=""UTF-8"" standalone=""no""?>
<QuestionFormAnswers xmlns=""http://mechanicalturk.amazonaws.com/AWSMechanicalTurkDataSchemas/2005-10-01/QuestionFormAnswers.xsd"">
<Answer>
<QuestionIdentifier>insFollowers</QuestionIdentifier>
<SelectionIdentifier>ag</SelectionIdentifier>
</Answer>
<Answer>
<QuestionIdentifier>factCheck</QuestionIdentifier>
<SelectionIdentifier>idk</SelectionIdentifier>
</Answer>
<Answer>
<QuestionIdentifier>song</QuestionIdentifier>
<SelectionIdentifier>sad</SelectionIdentifier>
</Answer>
</QuestionFormAnswers>
",stask1
AssignmentId,WorkerId,HITId,AssignmentStatus,AutoApprovalTime,AcceptTime,SubmitTime,ApprovalTime,Answer,score
3JCG6DTRV4T8OYXCP4YB3DT8T7MQQG,A12E2C7M3SJTQJ,3JYPJ2TAYJBOAD8UL93Q3P3Q1UTPFU,Approved,2024-03-04 21:10:31+09:00,2024-03-04 20:59:39+09:00,2024-03-04 21:00:31+09:00,2024-03-04 21:11:21+09:00,"<?xml version=""1.0"" encoding=""UTF-8"" standalone=""no""?>
<QuestionFormAnswers xmlns=""http://mechanicalturk.amazonaws.com/AWSMechanicalTurkDataSchemas/2005-10-01/QuestionFormAnswers.xsd"">
<Answer>
<QuestionIdentifier>insFollowers</QuestionIdentifier>
<SelectionIdentifier>ag</SelectionIdentifier>
</Answer>
<Answer>
<QuestionIdentifier>factCheck</QuestionIdentifier>
<SelectionIdentifier>renewable</SelectionIdentifier>
</Answer>
<Answer>
<QuestionIdentifier>song</QuestionIdentifier>
<SelectionIdentifier>sad</SelectionIdentifier>
</Answer>
</QuestionFormAnswers>
",stask1
